-- phpMyAdmin SQL Dump
-- version 4.9.5deb2
-- https://www.phpmyadmin.net/
--
-- Host: localhost:3306
-- Generation Time: Aug 25, 2023 at 10:26 AM
-- Server version: 8.0.34-0ubuntu0.20.04.1
-- PHP Version: 7.4.3-4ubuntu2.18

SET SQL_MODE = "NO_AUTO_VALUE_ON_ZERO";
SET AUTOCOMMIT = 0;
START TRANSACTION;
SET time_zone = "+00:00";


/*!40101 SET @OLD_CHARACTER_SET_CLIENT=@@CHARACTER_SET_CLIENT */;
/*!40101 SET @OLD_CHARACTER_SET_RESULTS=@@CHARACTER_SET_RESULTS */;
/*!40101 SET @OLD_COLLATION_CONNECTION=@@COLLATION_CONNECTION */;
/*!40101 SET NAMES utf8mb4 */;

--
-- Database: `kisaan_mart`
--

-- --------------------------------------------------------

--
-- Table structure for table `api_secret_key`
--

CREATE TABLE `api_secret_key` (
  `ask_id` int NOT NULL,
  `secret_key` varchar(255) NOT NULL,
  `source` int NOT NULL,
  `status` int NOT NULL
) ENGINE=InnoDB DEFAULT CHARSET=latin1;

--
-- Dumping data for table `api_secret_key`
--

INSERT INTO `api_secret_key` (`ask_id`, `secret_key`, `source`, `status`) VALUES
(1, 'dfEJHF#4WsDf@#^&*(390shkdfhk._dFS8fj2389sd', 1, 1),
(2, 'dfsd^sdb2#sdfW$(@dDS390shhkdFEfs@#ASIH92623d', 2, 1),
(3, 'dfsd^sSdhgu897@#4(&*7wedfjj$%dsdd#ASIH92623d', 3, 1);

-- --------------------------------------------------------

--
-- Table structure for table `buyer_price`
--

CREATE TABLE `buyer_price` (
  `bp_id` int NOT NULL,
  `user_id` int NOT NULL,
  `c_id` int NOT NULL,
  `ml_id` int NOT NULL,
  `price` int NOT NULL,
  `date` date NOT NULL,
  `status` int NOT NULL
) ENGINE=InnoDB DEFAULT CHARSET=latin1;

--
-- Dumping data for table `buyer_price`
--

INSERT INTO `buyer_price` (`bp_id`, `user_id`, `c_id`, `ml_id`, `price`, `date`, `status`) VALUES
(1, 31, 1, 2, 1040, '2022-03-29', 1),
(2, 33, 3, 4, 750, '2022-03-29', 1),
(5, 43, 4, 4, 760, '2022-04-29', 1),
(6, 43, 4, 4, 180, '2022-04-07', 1);

-- --------------------------------------------------------

--
-- Table structure for table `ci_sessions`
--

CREATE TABLE `ci_sessions` (
  `id` varchar(40) NOT NULL,
  `ip_address` varchar(45) NOT NULL,
  `timestamp` int UNSIGNED NOT NULL DEFAULT '0',
  `data` blob NOT NULL
) ENGINE=InnoDB DEFAULT CHARSET=latin1;

--
-- Dumping data for table `ci_sessions`
--

INSERT INTO `ci_sessions` (`id`, `ip_address`, `timestamp`, `data`) VALUES
('vpvvouu5tu0lrlsemd370c4ads3aakc3', '45.56.108.128', 1692959163, 0x5f5f63695f6c6173745f726567656e65726174657c693a313639323935393136333b6c616e67756167657c613a3130393a7b733a373a2268656164696e67223b733a34303a224c656164696e6720746865206e657874206269673c62723e616772692d696e6e6f766174696f6e2e223b733a31313a227375625f68656164696e67223b733a3135333a224174204b697361616e204d6172742c207765277265207472616e73666f726d696e672074686520616772692076616c75653c62723e636861696e207468726f75676820746563686e6f6c6f67792e20466f7220736d616c6c206661726d206f776e6572732c3c62723e776520656e61626c65206469676974616c2061636365737320746f2061207769646572206d61726b6574706c6163652e223b733a31303a226c6f676f75745f62746e223b733a363a224c4f474f5554223b733a31303a227369676e75705f62746e223b733a363a225349474e5550223b733a393a226c6f67696e5f62746e223b733a353a224c4f47494e223b733a31343a22666561747572655f686561645f31223b733a32333a224275696c64696e6720546563686e6f6c6f677920666f72223b733a31343a22666561747572655f686561645f32223b733a373a224661726d657273223b733a31343a22666561747572655f686561645f33223b733a373a2253656c6c657273223b733a363a22627579696e67223b733a363a22427579696e67223b733a373a2273656c6c696e67223b733a373a2253656c6c696e67223b733a373a2266696e616e6365223b733a373a2246696e616e6365223b733a353a2261626f7574223b733a353a2241626f7574223b733a323a227573223b733a323a225573223b733a373a2261626f75745573223b733a3336333a224174204b697361616e204d6172742c207765277265207472616e73666f726d696e672074686520616772692076616c756520636861696e207468726f75676820746563686e6f6c6f67792e20466f7220736d616c6c206661726d206f776e6572732c20776520656e61626c65206469676974616c2061636365737320746f2061207769646572206d61726b6574706c6163652e20466f72206275796572732c20776520617373757265207175616c697479207768696c7374206d697469676174696e6720636f756e746572207061727479207269736b20616e6420656e61626c696e6720736563757265207061796d656e74732e204163726f7373207468652076616c756520636861696e2c207468726f75676820646972656374206c696e6b61676573207765206272696e6720656666696369656e63792c207472616e73706172656e63792c20616e642074726163656162696c697479206c696b65206e65766572206265666f72652e223b733a333a226f7572223b733a333a224f7572223b733a373a226d697373696f6e223b733a373a224d697373696f6e223b733a31303a226f75726d697373696f6e223b733a3233373a224272696e67207472616e73706172656e637920696e20696e70757420616e64206f75747075742070726963696e67206279206167677265676174696e6720707269636573206e6174696f6e776964652050726f76696465206661726d6572732074686520726967687420696e7075742c206174207468652072696768742074696d6520616e6420617420746865207269676874207072696365204275792066726f6d206661726d65727320617420746865207472616e73706172656e74206d61726b657420726174657320616e6420737570706c7920746f20696e737469747574696f6e616c20627579657273223b733a363a22766973696f6e223b733a363a22566973696f6e223b733a393a226f7572766973696f6e223b733a3235303a224372656174652061206f6e652d73746f7020616772697465636820706c6174666f726d20736572766963696e67206661726d6572732c2077686f6c6573616c65727320616e642070726f636573736f72732e204265636f6d652050616b697374616ee2809973206c617267657374206167726920652d6d616e64692e20456d706f776572206661726d65727320616e64206275796572732062792064656c69766572696e6720656666696369656e63792c207472616e73706172656e637920616e642074726163656162696c69747920696e2074686520616772692076616c756520636861696e207468726f75676820746563686e6f6c6f6779223b733a333a226d5f31223b733a31393a22444f4e2754204d495353204f55522041505053223b733a333a226d5f32223b733a33373a224d6f62696c65204170706c69636174696f6e20666f7220466173746572204163636573732e223b733a333a226d5f33223b733a34383a224e6f7720796f752063616e20646f776e6c6f6164204b697361616e204d61727420696e20796f7572206d6f62696c6521223b733a333a226d5f34223b733a3133313a225768657468657220796f7527726520636865636b696e67206f6e20616e792061756374696f6e73206f7220636c656172696e6720796f757220747261646520736574746c656d656e742c2065766572797468696e67206973206e6f7720706f737369626c652077697468204b697361616e204d617274206d6f62696c6520617070732e223b733a343a2266617374223b733a373a2246617374657374223b733a343a2261677269223b733a31323a224167726963756c747572616c223b733a343a2274656368223b733a31303a22546563686e6f6c6f6779223b733a383a22637573746f6d6572223b733a383a22437573746f6d6572223b733a31303a22657870657269656e6365223b733a31303a22457870657269656e6365223b733a31343a22776f7274685f6f665f6661726d73223b733a31343a22576f727468206f66204661726d73223b733a31313a227265675f776974685f7573223b733a31353a22524547495354455220574954205553223b733a333a22726567223b733a383a225265676973746572223b733a343a2270726f63223b733a373a2250726f63657373223b733a383a227265675f64657363223b733a39383a225765e28099726520646f696e672077686174206f746865727320646f6ee28099742c2070757474696e672074686520706f77657220696e20736d616c6c206661726d6f776e657273e280992068616e6473207769746820746563686e6f6c6f67792e223b733a31303a227265675f737465705f31223b733a393a224c616e677561676573223b733a31303a227265675f646573635f31223b733a33373a22417661696c61626c6520696e2032206c616e67756167657320456e676c6973682f55726475223b733a31303a227265675f737465705f32223b733a383a22506c6174666f726d223b733a31303a227265675f646573635f32223b733a33363a22506c6174666f726d20666f7220626f7468206661726d65727320616e6420627579657273223b733a31303a227265675f737465705f33223b733a373a225369676e207570223b733a31303a227265675f646573635f33223b733a33333a2253696e676c6520636c69636b207369676e75702f726567697374726174696f6e20223b733a31303a227265675f737465705f34223b733a31323a22566572696669636174696f6e223b733a31303a227265675f646573635f34223b733a33323a22456e746572204f545020746f2076657269667920796f7572206163636f756e74223b733a31303a227265675f737465705f35223b733a373a2257656c636f6d65223b733a31303a227265675f646573635f35223b733a33353a22456e74657220696e746f2074686520776f726c64206f66206b697361616e206d617274223b733a31323a226765745f696e5f746f756368223b733a31323a2247657420496e20546f756368223b733a343a226e616d65223b733a343a224e616d65223b733a343a2263726f70223b733a343a2243726f70223b733a31313a2273656c6563745f63726f70223b733a31313a2253656c6563742043726f70223b733a31353a226661726d5f617265615f6163726573223b733a31373a224661726d20417265612028416372657329223b733a393a226661726d5f61726561223b733a393a224661726d2041726561223b733a383a226c6f636174696f6e223b733a383a224c6f636174696f6e223b733a31323a2273656c5f6c6f636174696f6e223b733a31353a2253656c656374204c6f636174696f6e223b733a353a2270686f6e65223b733a353a2250686f6e65223b733a393a2270686f6e655f6e756d223b733a31323a2250686f6e65204e756d626572223b733a383a2273656e645f6d7367223b733a31323a2253656e64204d657373616765223b733a383a2273656c5f636f6d6d223b733a31363a2253656c65637420636f6d6d6f64697479223b733a31303a226c6f67696e5f68656164223b733a31353a224c6f67696e20746f204b697361616e223b733a383a2270617373776f7264223b733a383a2250617373776f7264223b733a31323a2270617373776f72645f6e6577223b733a31383a22456e746572206e65772070617373776f7264223b733a373a226e6f745f6d656d223b733a31373a224e6f742061206d656d626572207965743f223b733a363a227375626d6974223b733a363a225375626d6974223b733a373a22656e676c697368223b733a373a22456e676c697368223b733a343a2275726475223b733a343a2255726475223b733a363a226661726d6572223b733a363a224661726d6572223b733a353a226275796572223b733a353a224275796572223b733a343a2270726576223b733a383a2250726576696f7573223b733a343a226e657874223b733a343a224e657874223b733a373a227369676e5f7570223b733a373a225369676e205570223b733a31323a226e756d5f6f665f7965617273223b733a32373a224e756d626572206f66207965617273206174206c6f636174696f6e223b733a373a2266656174757265223b733a373a2246656174757265223b733a383a2261626f75742d7573223b733a383a2241626f7574205573223b733a31303a226d6f62696c652d617070223b733a31303a224d6f62696c6520417070223b733a31303a22636f6e746163742d7573223b733a31303a22436f6e74616374205573223b733a31323a226d61726b65742d706c616365223b733a31323a224d61726b657420506c616365223b733a383a22646f6e745f616363223b733a32323a22446f6e2774206861766520616e206163636f756e743f223b733a363a22666f72676f74223b733a31363a22466f72676f742050617373776f72643f223b733a31313a22757365725f6f7074696f6e223b733a34393a2253656c656374207468652075736572207479706528732920796f75207769736820746f2072656769737465722077697468223b733a373a22696e765f6f7470223b733a31383a22496e76616c6964204f5450206e756d626572223b733a31343a22757365725f6e6f745f6164646564223b733a31343a2255736572206e6f74206164646564223b733a31303a22757365725f6164646564223b733a32333a2275736572206164646564207375636365737366756c6c79223b733a383a22757365725f616363223b733a31323a2255736572204163636f756e74223b733a373a2272655f70617373223b733a32303a2252652d74797065207468652050617373776f7264223b733a31363a226f74705f766572696669636174696f6e223b733a31363a224f545020566572696669636174696f6e223b733a393a22656e7465725f6f7470223b733a393a22456e746572204f5450223b733a393a226469646e745f676574223b733a31303a224469646e277420676574223b733a363a22726573656e64223b733a31303a22526573656e64204f5450223b733a31303a226d6f62696c655f726571223b733a32323a224d6f62696c65206e756d626572207265717569726564223b733a393a2276616c69645f6e756d223b733a31383a22456e7465722076616c6964206e756d626572223b733a383a22796f75725f6f7470223b733a393a22796f7572204f545020223b733a373a226e65775f6f7470223b733a32383a224e6577204f54502073656e7420746f20796f7572206e756d62657220223b733a393a22636865636b5f6e756d223b733a36303a22636865636b20796f7572206d6f62696c65206e756d62657220616e64206d616b65207375726520746f20656e74657220636f756e74727920636f6465223b733a373a22616c6c5f726571223b733a32373a22416c6c20746865206669656c647320617265207265717569726564223b733a373a22696e765f6d6f62223b733a32313a22496e76616c6964206d6f62696c65206e756d626572223b733a383a226d73675f73656e74223b733a32353a224d657373616765207375636365737366756c6c792073656e74223b733a31323a22736d74686e675f77726f6e67223b733a32333a22536f6d657468696e672077656e742077726f6e67203a28223b733a31333a226c6f67696e5f73756363657373223b733a32323a227375636365737366756c6c79206c6f6767656420696e223b733a31333a22696e765f757365725f70617373223b733a33383a22496e76616c6964204e756d626572206f722050617373776f72642e2054727920616761696e2e223b733a31303a22757365725f626c6f636b223b733a34333a225573657220626c6f636b65642e20506c6561736520636f6e746163742041646d696e6973747261746f722e223b733a31383a22757365725f696e765f6e6f745f6578697374223b733a33343a22496e76616c696420557365726e616d652e2055736572206e6f74206578697374732e223b733a31303a2272657365745f70617373223b733a31363a2252657365742050617373776f7264203f223b733a393a22656e7465725f6d6f62223b733a31363a22456e746572204d6f62696c65204e6f2e223b733a373a226765745f6f7470223b733a373a22476574204f5450223b733a383a226f74705f73656e74223b733a32373a224f54502069732073656e7420746f20796f7572206e756d62657220223b733a373a22636f6e6669726d223b733a373a22636f6e6669726d223b733a373a226f74705f726571223b733a31393a224f5450206e756d626572207265717569726564223b733a31333a226f74705f76616c696461746564223b733a31333a224f54502076616c696461746564223b733a383a22506173735f726571223b733a32303a2250617373776f7264206973207265717569726564223b733a31383a22506173735f72657365745f73756363657373223b733a32373a2250617373776f7264207375636365737366756c6c79207265736574223b733a31343a22626f74685f6669656c645f726571223b733a32343a22426f7468206669656c647320617265207265717569726564223b733a31353a22706173735f646f6e745f6d61746368223b733a32323a2250617373776f726420646f65736e2774206d61746368223b7d);

-- --------------------------------------------------------

--
-- Table structure for table `country`
--

CREATE TABLE `country` (
  `country_id` int NOT NULL,
  `iso` char(2) NOT NULL,
  `country_name` varchar(80) NOT NULL,
  `nicename` varchar(80) NOT NULL,
  `iso3` char(3) DEFAULT NULL,
  `numcode` smallint DEFAULT NULL,
  `phonecode` varchar(5) NOT NULL
) ENGINE=MyISAM DEFAULT CHARSET=latin1;

--
-- Dumping data for table `country`
--

INSERT INTO `country` (`country_id`, `iso`, `country_name`, `nicename`, `iso3`, `numcode`, `phonecode`) VALUES
(13, 'AU', 'AUSTRALIA', 'Australia', 'AUS', 36, '+61'),
(38, 'CA', 'CANADA', 'Canada', 'CAN', 124, '+1'),
(73, 'FR', 'FRANCE', 'France', 'FRA', 250, '+33'),
(80, 'DE', 'GERMANY', 'Germany', 'DEU', 276, '+49'),
(99, 'IN', 'INDIA', 'India', 'IND', 356, '+91'),
(105, 'IT', 'ITALY', 'Italy', 'ITA', 380, '+39'),
(129, 'MY', 'MALAYSIA', 'Malaysia', 'MYS', 458, '+60'),
(146, 'MM', 'MYANMAR', 'Myanmar', 'MMR', 104, '+95'),
(150, 'NL', 'NETHERLANDS', 'Netherlands', 'NLD', 528, '+31'),
(192, 'SG', 'SINGAPORE', 'Singapore', 'SGP', 702, '+65'),
(197, 'ZA', 'SOUTH AFRICA', 'South Africa', 'ZAF', 710, '+27'),
(200, 'LK', 'SRI LANKA', 'Sri Lanka', 'LKA', 144, '+94'),
(206, 'CH', 'SWITZERLAND', 'Switzerland', 'CHE', 756, '+41'),
(225, 'GB', 'UNITED KINGDOM', 'United Kingdom', 'GBR', 826, '+44'),
(226, 'US', 'UNITED STATES', 'United States', 'USA', 840, '+1');

-- --------------------------------------------------------

--
-- Table structure for table `country_currency`
--

CREATE TABLE `country_currency` (
  `cc_id` int NOT NULL,
  `country_id` int NOT NULL,
  `currency_id` int NOT NULL,
  `rate` decimal(10,5) NOT NULL,
  `type` int NOT NULL DEFAULT '0' COMMENT '0=default | 1=specific ',
  `status` int NOT NULL DEFAULT '0' COMMENT '0=available | 1=not available'
) ENGINE=MyISAM DEFAULT CHARSET=latin1;

--
-- Dumping data for table `country_currency`
--

INSERT INTO `country_currency` (`cc_id`, `country_id`, `currency_id`, `rate`, `type`, `status`) VALUES
(6, 38, 22, '0.00760', 0, 0),
(7, 192, 92, '0.00770', 0, 0),
(8, 226, 2, '0.00570', 0, 0),
(9, 99, 47, '0.39000', 0, 0),
(10, 73, 11, '0.00510', 0, 0),
(11, 80, 11, '0.00600', 0, 0),
(12, 13, 6, '0.00810', 0, 0);

-- --------------------------------------------------------

--
-- Table structure for table `crops`
--

CREATE TABLE `crops` (
  `c_id` int NOT NULL,
  `crop` varchar(255) NOT NULL,
  `c_urdu` varchar(255) CHARACTER SET utf8mb3 COLLATE utf8mb3_bin NOT NULL,
  `location` int NOT NULL,
  `date` date NOT NULL,
  `status` int NOT NULL
) ENGINE=InnoDB DEFAULT CHARSET=latin1;

--
-- Dumping data for table `crops`
--

INSERT INTO `crops` (`c_id`, `crop`, `c_urdu`, `location`, `date`, `status`) VALUES
(1, 'Sunflower', 'سورج مکھی', 2, '2022-03-15', 1),
(2, 'Flour', 'آٹا', 1, '2022-03-22', 1),
(3, 'Tomato', 'ٹماٹر', 1, '2022-03-09', 1),
(4, 'Melon', 'خربوزہ', 0, '2022-03-08', 1),
(6, 'Rice', 'چاول', 0, '2022-04-04', 1),
(7, 'Wheat', 'گندم', 0, '2022-04-04', 1);

-- --------------------------------------------------------

--
-- Table structure for table `crops_location`
--

CREATE TABLE `crops_location` (
  `cl_id` int NOT NULL,
  `c_id` int NOT NULL,
  `ml_id` int NOT NULL,
  `date` date NOT NULL,
  `status` int NOT NULL
) ENGINE=InnoDB DEFAULT CHARSET=latin1;

--
-- Dumping data for table `crops_location`
--

INSERT INTO `crops_location` (`cl_id`, `c_id`, `ml_id`, `date`, `status`) VALUES
(57, 3, 2, '2022-03-30', 1),
(58, 3, 4, '2022-03-30', 1),
(59, 3, 5, '2022-03-30', 1),
(60, 3, 6, '2022-03-30', 1),
(61, 4, 4, '2022-03-30', 1),
(62, 4, 6, '2022-03-30', 1),
(74, 1, 2, '2022-04-04', 1),
(75, 1, 3, '2022-04-04', 1),
(76, 1, 5, '2022-04-04', 1),
(140, 2, 4, '2022-04-10', 1),
(141, 6, 3, '2022-04-10', 1),
(200, 7, 1, '2022-04-11', 1),
(202, 7, 5, '2022-04-11', 1),
(204, 7, 4, '2022-04-11', 1),
(205, 6, 5, '2022-04-11', 1),
(212, 2, 2, '2022-05-12', 1),
(213, 4, 3, '2022-05-12', 1);

-- --------------------------------------------------------

--
-- Table structure for table `crop_price`
--

CREATE TABLE `crop_price` (
  `cp_id` int NOT NULL,
  `c_id` int NOT NULL,
  `cl_id` int NOT NULL,
  `price` int NOT NULL,
  `date` date NOT NULL,
  `status` int NOT NULL
) ENGINE=InnoDB DEFAULT CHARSET=latin1;

--
-- Dumping data for table `crop_price`
--

INSERT INTO `crop_price` (`cp_id`, `c_id`, `cl_id`, `price`, `date`, `status`) VALUES
(1, 1, 74, 800, '2022-04-06', 0),
(2, 1, 75, 299, '2022-04-10', 0),
(3, 1, 74, 890, '2022-04-07', 0),
(4, 2, 140, 600, '2022-04-08', 0),
(5, 2, 140, 720, '2022-04-09', 0),
(6, 3, 59, 900, '2022-04-10', 0),
(7, 4, 61, 470, '2022-04-09', 0),
(8, 1, 74, 900, '2022-04-08', 0),
(9, 4, 62, 263, '2022-04-10', 0),
(10, 1, 74, 1020, '2022-04-09', 0),
(11, 3, 59, 910, '2022-04-11', 0),
(12, 3, 60, 920, '2022-04-09', 0),
(13, 3, 60, 930, '2022-04-10', 0),
(14, 4, 61, 580, '2022-04-10', 0),
(15, 2, 140, 730, '2022-04-10', 0),
(17, 1, 74, 120, '2022-04-10', 0),
(18, 1, 75, 299, '2022-04-11', 0),
(19, 1, 76, 127, '2022-04-05', 0),
(20, 1, 76, 135, '2022-04-06', 0),
(21, 6, 98, 250, '2022-04-04', 0),
(22, 1, 0, 160, '2022-04-04', 0),
(23, 0, 141, 160, '2022-04-11', 0),
(24, 1, 76, 120, '2022-04-07', 0),
(25, 1, 76, 128, '2022-04-08', 0),
(27, 0, 200, 212, '2022-04-09', 0),
(28, 0, 200, 212, '2022-04-10', 0),
(29, 1, 76, 132, '2022-04-09', 0),
(30, 1, 76, 135, '2022-04-10', 0),
(31, 3, 58, 225, '2022-04-11', 0),
(32, 0, 202, 301, '2022-04-11', 0),
(33, 0, 62, 263, '2022-04-11', 0),
(34, 0, 60, 925, '2022-04-11', 0),
(35, 0, 61, 600, '2022-04-11', 0),
(36, 0, 140, 710, '2022-04-11', 0),
(37, 0, 74, 148, '2022-04-11', 0),
(38, 0, 200, 212, '2022-04-11', 0),
(39, 0, 76, 156, '2022-04-11', 0),
(64, 0, 59, 220, '2022-04-13', 0),
(65, 0, 75, 299, '2022-04-13', 0),
(66, 0, 141, 310, '2022-04-13', 0),
(67, 0, 58, 210, '2022-04-13', 0),
(68, 0, 202, 330, '2022-04-13', 0),
(69, 0, 62, 263, '2022-04-13', 0),
(70, 0, 60, 230, '2022-04-13', 0),
(71, 0, 61, 240, '2022-04-13', 0),
(72, 0, 140, 300, '2022-04-13', 0),
(73, 0, 74, 260, '2022-04-13', 0),
(74, 0, 200, 212, '2022-04-13', 0),
(75, 0, 76, 280, '2022-04-13', 0),
(76, 0, 59, 222, '2022-04-17', 0),
(77, 0, 75, 299, '2022-04-18', 0),
(78, 0, 141, 267, '2022-04-18', 0),
(79, 0, 58, 217, '2022-04-18', 0),
(80, 0, 202, 277, '2022-04-18', 0),
(81, 0, 62, 263, '2022-04-18', 0),
(82, 0, 60, 227, '2022-04-18', 0),
(83, 0, 61, 232, '2022-04-18', 0),
(84, 0, 140, 262, '2022-04-18', 0),
(85, 0, 74, 242, '2022-04-18', 0),
(86, 0, 200, 212, '2022-04-18', 0),
(87, 0, 76, 252, '2022-04-18', 0),
(88, 0, 59, 222, '2022-04-18', 0),
(89, 0, 75, 299, '2022-04-19', 0),
(90, 0, 141, 240, '2022-04-19', 0),
(91, 0, 58, 256, '2022-04-19', 0),
(92, 0, 202, 273, '2022-04-19', 0),
(93, 0, 62, 263, '2022-04-19', 0),
(94, 0, 60, 233, '2022-04-19', 0),
(95, 0, 61, 240, '2022-04-19', 0),
(96, 0, 140, 275, '2022-04-19', 0),
(97, 0, 74, 250, '2022-04-19', 0),
(98, 0, 200, 212, '2022-04-19', 0),
(99, 0, 76, 260, '2022-04-19', 0),
(100, 0, 59, 243, '2022-04-19', 0),
(113, 0, 75, 299, '2022-04-20', 0),
(114, 0, 141, 267, '2022-04-20', 0),
(115, 0, 58, 217, '2022-04-20', 0),
(116, 0, 202, 277, '2022-04-20', 0),
(117, 0, 62, 263, '2022-04-20', 0),
(118, 0, 60, 227, '2022-04-20', 0),
(119, 0, 61, 232, '2022-04-20', 0),
(120, 0, 140, 262, '2022-04-20', 0),
(121, 0, 74, 242, '2022-04-20', 0),
(122, 0, 200, 212, '2022-04-20', 0),
(123, 0, 76, 252, '2022-04-20', 0),
(124, 0, 59, 222, '2022-04-20', 0),
(125, 0, 141, 987, '2022-04-21', 0),
(126, 0, 75, 299, '2022-04-21', 0),
(127, 0, 58, 210, '2022-04-21', 0),
(128, 0, 202, 330, '2022-04-21', 0),
(129, 0, 62, 263, '2022-04-21', 0),
(130, 0, 60, 230, '2022-04-21', 0),
(131, 0, 61, 240, '2022-04-21', 0),
(132, 0, 140, 300, '2022-04-21', 0),
(133, 0, 74, 260, '2022-04-21', 0),
(134, 0, 200, 212, '2022-04-21', 0),
(135, 0, 76, 280, '2022-04-21', 0),
(136, 0, 59, 220, '2022-04-21', 0),
(149, 0, 141, 310, '2022-04-22', 0),
(150, 0, 75, 299, '2022-04-22', 0),
(151, 0, 58, 210, '2022-04-22', 0),
(152, 0, 202, 330, '2022-04-22', 0),
(153, 0, 62, 263, '2022-04-22', 0),
(154, 0, 60, 230, '2022-04-22', 0),
(155, 0, 61, 240, '2022-04-22', 0),
(156, 0, 140, 300, '2022-04-22', 0),
(157, 0, 74, 260, '2022-04-22', 0),
(158, 0, 200, 212, '2022-04-22', 0),
(159, 0, 76, 280, '2022-04-22', 0),
(162, 0, 59, 220, '2022-04-22', 0),
(163, 0, 141, 313, '2022-04-23', 0),
(164, 0, 75, 299, '2022-04-23', 0),
(165, 0, 58, 230, '2022-04-23', 0),
(166, 0, 202, 350, '2022-04-23', 0),
(167, 0, 62, 263, '2022-04-23', 0),
(168, 0, 60, 220, '2022-04-23', 0),
(169, 0, 61, 200, '2022-04-23', 0),
(170, 0, 140, 370, '2022-04-23', 0),
(171, 0, 74, 270, '2022-04-23', 0),
(172, 0, 200, 212, '2022-04-23', 0),
(173, 0, 76, 289, '2022-04-23', 0),
(174, 0, 59, 221, '2022-04-23', 0),
(175, 0, 141, 310, '2022-04-24', 0),
(176, 0, 75, 299, '2022-04-24', 0),
(177, 0, 58, 210, '2022-04-24', 0),
(178, 0, 202, 330, '2022-04-24', 0),
(179, 0, 62, 263, '2022-04-24', 0),
(180, 0, 60, 230, '2022-04-24', 0),
(181, 0, 61, 240, '2022-04-24', 0),
(182, 0, 140, 300, '2022-04-24', 0),
(183, 0, 74, 260, '2022-04-24', 0),
(184, 0, 200, 212, '2022-04-24', 0),
(185, 0, 76, 280, '2022-04-24', 0),
(186, 0, 59, 220, '2022-04-24', 0),
(187, 0, 141, 316, '2022-04-25', 0),
(188, 0, 75, 299, '2022-04-25', 0),
(189, 0, 58, 216, '2022-04-25', 0),
(190, 0, 202, 430, '2022-04-25', 0),
(191, 0, 62, 263, '2022-04-25', 0),
(192, 0, 60, 260, '2022-04-25', 0),
(193, 0, 61, 244, '2022-04-25', 0),
(194, 0, 140, 335, '2022-04-25', 0),
(195, 0, 74, 272, '2022-04-25', 0),
(196, 0, 200, 212, '2022-04-25', 0),
(197, 0, 76, 289, '2022-04-25', 0),
(198, 0, 59, 221, '2022-04-25', 0),
(199, 0, 141, 310, '2022-04-26', 0),
(200, 0, 75, 299, '2022-04-26', 0),
(201, 0, 58, 210, '2022-04-26', 0),
(202, 0, 202, 330, '2022-04-26', 0),
(203, 0, 62, 263, '2022-04-26', 0),
(204, 0, 60, 230, '2022-04-26', 0),
(205, 0, 61, 240, '2022-04-26', 0),
(206, 0, 140, 300, '2022-04-26', 0),
(207, 0, 74, 260, '2022-04-26', 0),
(208, 0, 200, 212, '2022-04-26', 0),
(209, 0, 76, 280, '2022-04-26', 0),
(210, 0, 59, 220, '2022-04-26', 0),
(211, 0, 141, 310, '2022-04-27', 0),
(212, 0, 75, 299, '2022-04-27', 0),
(213, 0, 58, 210, '2022-04-27', 0),
(214, 0, 202, 330, '2022-04-27', 0),
(215, 0, 62, 263, '2022-04-27', 0),
(216, 0, 60, 230, '2022-04-27', 0),
(217, 0, 61, 240, '2022-04-27', 0),
(218, 0, 140, 300, '2022-04-27', 0),
(219, 0, 74, 260, '2022-04-27', 0),
(220, 0, 200, 212, '2022-04-27', 0),
(221, 0, 76, 280, '2022-04-27', 0),
(222, 0, 59, 220, '2022-04-27', 0),
(223, 0, 141, 310, '2022-04-28', 0),
(224, 0, 75, 299, '2022-04-28', 0),
(225, 0, 58, 210, '2022-04-28', 0),
(226, 0, 202, 330, '2022-04-28', 0),
(227, 0, 62, 263, '2022-04-28', 0),
(228, 0, 60, 230, '2022-04-28', 0),
(229, 0, 61, 240, '2022-04-28', 0),
(230, 0, 140, 300, '2022-04-28', 0),
(231, 0, 74, 260, '2022-04-28', 0),
(232, 0, 200, 212, '2022-04-28', 0),
(233, 0, 76, 280, '2022-04-28', 0),
(234, 0, 59, 220, '2022-04-28', 0),
(235, 0, 141, 290, '2022-04-29', 0),
(236, 0, 75, 299, '2022-04-29', 0),
(237, 0, 58, 176, '2022-04-29', 0),
(238, 0, 202, 300, '2022-04-29', 0),
(239, 0, 62, 263, '2022-04-29', 0),
(240, 0, 60, 210, '2022-04-29', 0),
(241, 0, 61, 203, '2022-04-29', 0),
(242, 0, 140, 312, '2022-04-29', 0),
(243, 0, 74, 248, '2022-04-29', 0),
(244, 0, 200, 212, '2022-04-29', 0),
(245, 0, 76, 220, '2022-04-29', 0),
(246, 0, 59, 188, '2022-04-29', 0),
(247, 0, 141, 310, '2022-04-30', 0),
(248, 0, 75, 299, '2022-04-30', 0),
(249, 0, 58, 210, '2022-04-30', 0),
(250, 0, 202, 330, '2022-04-30', 0),
(251, 0, 62, 263, '2022-04-30', 0),
(252, 0, 60, 230, '2022-04-30', 0),
(253, 0, 61, 240, '2022-04-30', 0),
(254, 0, 140, 300, '2022-04-30', 0),
(255, 0, 74, 260, '2022-04-30', 0),
(256, 0, 200, 212, '2022-04-30', 0),
(257, 0, 76, 280, '2022-04-30', 0),
(258, 0, 59, 220, '2022-04-30', 0),
(259, 0, 141, 316, '2022-05-01', 0),
(260, 0, 75, 299, '2022-05-01', 0),
(261, 0, 58, 110, '2022-05-01', 0),
(262, 0, 202, 410, '2022-05-01', 0),
(263, 0, 62, 263, '2022-05-01', 0),
(264, 0, 60, 243, '2022-05-01', 0),
(265, 0, 61, 140, '2022-05-01', 0),
(266, 0, 140, 332, '2022-05-01', 0),
(267, 0, 74, 256, '2022-05-01', 0),
(268, 0, 200, 212, '2022-05-01', 0),
(269, 0, 76, 289, '2022-05-01', 0),
(270, 0, 59, 321, '2022-05-01', 0),
(271, 0, 141, 310, '2022-05-02', 0),
(272, 0, 75, 299, '2022-05-02', 0),
(273, 0, 58, 210, '2022-05-02', 0),
(274, 0, 202, 330, '2022-05-02', 0),
(275, 0, 62, 263, '2022-05-02', 0),
(276, 0, 60, 230, '2022-05-02', 0),
(277, 0, 61, 240, '2022-05-02', 0),
(278, 0, 140, 300, '2022-05-02', 0),
(279, 0, 74, 260, '2022-05-02', 0),
(280, 0, 200, 212, '2022-05-02', 0),
(281, 0, 76, 280, '2022-05-02', 0),
(282, 0, 59, 220, '2022-05-02', 0),
(283, 0, 141, 410, '2022-05-03', 0),
(284, 0, 75, 299, '2022-05-03', 0),
(285, 0, 58, 150, '2022-05-03', 0),
(286, 0, 202, 400, '2022-05-03', 0),
(287, 0, 62, 263, '2022-05-03', 0),
(288, 0, 60, 110, '2022-05-03', 0),
(289, 0, 61, 440, '2022-05-03', 0),
(290, 0, 140, 100, '2022-05-03', 0),
(291, 0, 74, 140, '2022-05-03', 0),
(292, 0, 200, 212, '2022-05-03', 0),
(293, 0, 76, 103, '2022-05-03', 0),
(294, 0, 59, 110, '2022-05-03', 0),
(295, 0, 141, 310, '2022-05-04', 0),
(296, 0, 75, 299, '2022-05-04', 0),
(297, 0, 58, 210, '2022-05-04', 0),
(298, 0, 202, 330, '2022-05-04', 0),
(299, 0, 62, 263, '2022-05-04', 0),
(300, 0, 60, 230, '2022-05-04', 0),
(301, 0, 61, 240, '2022-05-04', 0),
(302, 0, 140, 300, '2022-05-04', 0),
(303, 0, 74, 260, '2022-05-04', 0),
(304, 0, 200, 212, '2022-05-04', 0),
(305, 0, 76, 280, '2022-05-04', 0),
(306, 0, 59, 220, '2022-05-04', 0),
(307, 0, 141, 323, '2022-05-05', 0),
(308, 0, 75, 299, '2022-05-05', 0),
(309, 0, 58, 200, '2022-05-05', 0),
(310, 0, 202, 312, '2022-05-05', 0),
(311, 0, 62, 263, '2022-05-05', 0),
(312, 0, 60, 245, '2022-05-05', 0),
(313, 0, 61, 276, '2022-05-05', 0),
(314, 0, 140, 321, '2022-05-05', 0),
(315, 0, 74, 244, '2022-05-05', 0),
(316, 0, 200, 212, '2022-05-05', 0),
(317, 0, 76, 294, '2022-05-05', 0),
(318, 0, 59, 200, '2022-05-05', 0),
(319, 0, 141, 390, '2022-05-06', 0),
(320, 0, 75, 299, '2022-05-06', 0),
(321, 0, 58, 289, '2022-05-06', 0),
(322, 0, 202, 410, '2022-05-06', 0),
(323, 0, 62, 263, '2022-05-06', 0),
(324, 0, 60, 278, '2022-05-06', 0),
(325, 0, 61, 295, '2022-05-06', 0),
(326, 0, 140, 389, '2022-05-06', 0),
(327, 0, 74, 224, '2022-05-06', 0),
(328, 0, 200, 212, '2022-05-06', 0),
(329, 0, 76, 234, '2022-05-06', 0),
(330, 0, 59, 221, '2022-05-06', 0),
(331, 0, 141, 310, '2022-05-07', 0),
(332, 0, 75, 299, '2022-05-07', 0),
(333, 0, 58, 210, '2022-05-07', 0),
(334, 0, 202, 330, '2022-05-07', 0),
(335, 0, 62, 263, '2022-05-07', 0),
(336, 0, 60, 230, '2022-05-07', 0),
(337, 0, 61, 240, '2022-05-07', 0),
(338, 0, 140, 300, '2022-05-07', 0),
(339, 0, 74, 260, '2022-05-07', 0),
(340, 0, 200, 212, '2022-05-07', 0),
(341, 0, 76, 280, '2022-05-07', 0),
(342, 0, 59, 220, '2022-05-07', 0),
(343, 0, 141, 310, '2022-05-08', 0),
(344, 0, 75, 299, '2022-05-08', 0),
(345, 0, 58, 210, '2022-05-08', 0),
(346, 0, 202, 330, '2022-05-08', 0),
(347, 0, 62, 263, '2022-05-08', 0),
(348, 0, 60, 230, '2022-05-08', 0),
(349, 0, 61, 240, '2022-05-08', 0),
(350, 0, 140, 300, '2022-05-08', 0),
(351, 0, 74, 260, '2022-05-08', 0),
(352, 0, 200, 212, '2022-05-08', 0),
(353, 0, 76, 280, '2022-05-08', 0),
(354, 0, 59, 220, '2022-05-08', 0),
(355, 0, 141, 310, '2022-05-09', 0),
(356, 0, 75, 299, '2022-05-09', 0),
(357, 0, 58, 210, '2022-05-09', 0),
(358, 0, 202, 330, '2022-05-09', 0),
(359, 0, 62, 263, '2022-05-09', 0),
(360, 0, 60, 230, '2022-05-09', 0),
(361, 0, 61, 240, '2022-05-09', 0),
(362, 0, 140, 300, '2022-05-09', 0),
(363, 0, 74, 260, '2022-05-09', 0),
(364, 0, 200, 212, '2022-05-09', 0),
(365, 0, 76, 280, '2022-05-09', 0),
(366, 0, 59, 220, '2022-05-09', 0),
(367, 0, 141, 310, '2022-05-10', 0),
(368, 0, 75, 299, '2022-05-10', 0),
(369, 0, 58, 210, '2022-05-10', 0),
(370, 0, 202, 289, '2022-05-10', 0),
(371, 0, 62, 263, '2022-05-10', 0),
(372, 0, 60, 230, '2022-05-10', 0),
(373, 0, 61, 240, '2022-05-10', 0),
(374, 0, 140, 300, '2022-05-10', 0),
(375, 0, 74, 260, '2022-05-10', 0),
(376, 0, 200, 212, '2022-05-10', 0),
(377, 0, 76, 280, '2022-05-10', 0),
(378, 0, 59, 220, '2022-05-10', 0),
(379, 3, 57, 990, '2022-05-11', 0),
(380, 0, 141, 310, '2022-05-11', 1),
(381, 0, 75, 270, '2022-05-11', 1),
(382, 0, 58, 210, '2022-05-11', 1),
(383, 0, 202, 330, '2022-05-11', 1),
(384, 0, 62, 250, '2022-05-11', 1),
(385, 0, 60, 230, '2022-05-11', 1),
(386, 0, 61, 240, '2022-05-11', 1),
(387, 0, 140, 300, '2022-05-11', 1),
(388, 0, 74, 260, '2022-05-11', 1),
(389, 0, 200, 320, '2022-05-11', 1),
(390, 0, 76, 280, '2022-05-11', 1),
(391, 0, 59, 220, '2022-05-11', 1),
(392, 0, 57, 1120, '2022-05-12', 1);

-- --------------------------------------------------------

--
-- Table structure for table `customers`
--

CREATE TABLE `customers` (
  `cust_id` int NOT NULL,
  `name` varchar(255) NOT NULL,
  `location` int NOT NULL,
  `mobile` varchar(15) NOT NULL,
  `mobile_verified` int NOT NULL DEFAULT '0' COMMENT '0=not verified | 1=verified',
  `lang` int NOT NULL COMMENT '1=english | 2=urudu',
  `type` int NOT NULL COMMENT '1=farmer | 2=buyer',
  `crop` varchar(255) NOT NULL,
  `password` varchar(255) NOT NULL,
  `status` int NOT NULL DEFAULT '0' COMMENT '0=available | 1=not available',
  `added_date` datetime NOT NULL DEFAULT CURRENT_TIMESTAMP
) ENGINE=InnoDB DEFAULT CHARSET=latin1;

--
-- Dumping data for table `customers`
--

INSERT INTO `customers` (`cust_id`, `name`, `location`, `mobile`, `mobile_verified`, `lang`, `type`, `crop`, `password`, `status`, `added_date`) VALUES
(13, 'minhaj miyas', 6, '0766640522', 1, 1, 1, 'rice', '$2y$10$UAREgfEdIzcxwm64.YXKLuLfvh3V6EFQ47zwExkJtP1s27zMyI1ka', 0, '2021-07-09 15:59:18');

-- --------------------------------------------------------

--
-- Table structure for table `forgot_password`
--

CREATE TABLE `forgot_password` (
  `fp_id` int NOT NULL,
  `user_id` int NOT NULL,
  `phone` varchar(255) NOT NULL,
  `otp` varchar(200) NOT NULL,
  `password` varchar(100) CHARACTER SET latin1 COLLATE latin1_swedish_ci NOT NULL,
  `date` date NOT NULL,
  `status` int NOT NULL
) ENGINE=MyISAM DEFAULT CHARSET=latin1;

--
-- Dumping data for table `forgot_password`
--

INSERT INTO `forgot_password` (`fp_id`, `user_id`, `phone`, `otp`, `password`, `date`, `status`) VALUES
(29, 69, '12121212211', '7919', '$2y$10$L6ar7Sw/Fw2sj0STGagJEOBR8TlH44ALO0BgjvOegoKkTDpmMHuEm', '2022-04-14', 1),
(13, 41, '3336116275', '6539', '$2y$10$cj7hCm/2s7V2.e8/GKpxuehV34mZH6lxBAM1C87tVKQB9FgtgSTj6', '2022-04-07', 1),
(28, 71, '123123123', '4461', '$2y$10$ezcNrvhfArH0nGsZIFv7yePSzrsMLVR6Pc2hJ51emZGv0Ia5dTwym', '2022-04-13', 1),
(25, 78, '111111111', '2175', '$2y$10$dgrT5B4ZXyTjIaZn9EerQu1d61OUlioLdAw/ALaGkUMxT3nMM0dKa', '2022-04-09', 1),
(26, 79, '7878787878', '6978', '$2y$10$P0jhsdxCoR5a9/vQuqcAuuPMyhYuPmkXsT.1ZeT6O6VlenLnWsD9C', '2022-04-09', 1),
(27, 83, '1234567899', '8555', '$2y$10$TjQ5QY5IvOEXCaWLnpM7Zu4lKNPDa3HVaBuMv2JBCnd4mmPyK3IC.', '2022-04-12', 1),
(78, 99, '+94766640522', '3429', '$2y$10$oufcTRXn496GZ35rzuOpw.EuEo79eclSdY263HXOUMSATBMD/zg5K', '2022-04-19', 1),
(32, 46, '657848457587', '5631', '$2y$10$PMvwCqulusiM.g4.AW/Zq.T17wRNBdGkmXAj2oTM6wz6IQDLvXSPe', '2022-04-15', 1),
(99, 30, '94766640522', '1573', '$2y$10$4wP2JrTJtBSc7s0n8u96ye8F3VKgUEygxUs2lLSn.hIcW6OVkzCIa', '2022-04-25', 1),
(38, 91, '3000116275', '7916', '$2y$10$81OYM2VmP2i297fN.xZbruAhcEeMy58SkvCswN7uGOUWneQaM3BFe', '2022-04-17', 1),
(108, 129, '923000116275', '5252', '$2y$10$FY9gQXdr.MNDUGqQ0.JgwOzwuhYQN9x6oOHXmRDnnWeohIUql.bcq', '2022-05-06', 1),
(84, 117, '923045795762', '9458', '$2y$10$Uc02XxMoHMoqzxkFdnzS8eSIFjgIF4R38yrEgRk7nSG6plEgj2YUO', '2022-04-19', 1),
(87, 41, '923336116275', '8286', '$2y$10$OK6lJi0fqPcgGeX4zWYCSO06Oghni3ibJs5thByyETsYT7kGatvx2', '2022-04-20', 1);

-- --------------------------------------------------------

--
-- Table structure for table `mandi_location`
--

CREATE TABLE `mandi_location` (
  `ml_id` int NOT NULL,
  `location` varchar(255) NOT NULL,
  `l_urdu` varchar(255) CHARACTER SET utf8mb3 COLLATE utf8mb3_bin NOT NULL,
  `date` date NOT NULL,
  `status` int NOT NULL
) ENGINE=InnoDB DEFAULT CHARSET=latin1;

--
-- Dumping data for table `mandi_location`
--

INSERT INTO `mandi_location` (`ml_id`, `location`, `l_urdu`, `date`, `status`) VALUES
(1, 'Lahore', 'لاہور', '2022-03-16', 1),
(2, 'Islamabad', 'اسلام آباد', '2022-03-16', 1),
(3, 'Karachi', 'کراچی', '2022-03-23', 1),
(4, 'Gujarwala', 'گوجر والا', '2022-03-30', 1),
(5, 'Punjab', 'پنجاب', '2022-03-23', 1),
(6, 'Kahuta', 'کہوٹہ', '2022-03-30', 1),
(7, 'Delhi', 'دہلی', '2022-03-29', 1),
(8, 'Haryana', 'ہریانہ', '2022-03-31', 1),
(9, 'Himachal', 'ہماچل', '2022-04-09', 1);

-- --------------------------------------------------------

--
-- Table structure for table `message`
--

CREATE TABLE `message` (
  `m_id` int NOT NULL,
  `name` varchar(255) CHARACTER SET latin1 COLLATE latin1_swedish_ci NOT NULL,
  `ml_id` int NOT NULL,
  `c_id` int NOT NULL,
  `farm_area` float NOT NULL,
  `phone` varchar(255) CHARACTER SET latin1 COLLATE latin1_swedish_ci NOT NULL,
  `type` int NOT NULL,
  `date` date NOT NULL,
  `status` int NOT NULL
) ENGINE=InnoDB DEFAULT CHARSET=latin1;

--
-- Dumping data for table `message`
--

INSERT INTO `message` (`m_id`, `name`, `ml_id`, `c_id`, `farm_area`, `phone`, `type`, `date`, `status`) VALUES
(2, 'alfie', 2, 3, 2.4, '980765432876', 1, '2022-04-20', 1),
(38, 'demo 01', 8, 2, 23, '435794356823', 2, '2022-04-20', 0),
(47, 'buyer', 0, 3, 99, '3000116275', 2, '2022-04-21', 0),
(49, 'minhaj', 2, 2, 2.4, '980765432876', 1, '2022-04-22', 0),
(53, 'test', 2, 1, 12, '3045795762', 1, '2022-04-22', 0),
(64, 'farmer', 5, 1, 6, '3000116277', 2, '2022-05-09', 0);

-- --------------------------------------------------------

--
-- Table structure for table `message_crop`
--

CREATE TABLE `message_crop` (
  `mc_id` int NOT NULL,
  `m_id` int NOT NULL,
  `c_id` int NOT NULL,
  `date` date NOT NULL,
  `status` int NOT NULL
) ENGINE=InnoDB DEFAULT CHARSET=latin1;

--
-- Dumping data for table `message_crop`
--

INSERT INTO `message_crop` (`mc_id`, `m_id`, `c_id`, `date`, `status`) VALUES
(13, 38, 1, '2022-04-20', 1),
(14, 38, 2, '2022-04-20', 1),
(15, 2, 6, '2022-04-20', 1),
(29, 47, 7, '2022-04-21', 1),
(30, 47, 0, '2022-04-21', 1),
(31, 47, 6, '2022-04-21', 1),
(32, 49, 3, '2022-04-22', 1),
(33, 49, 1, '2022-04-22', 1),
(38, 53, 1, '2022-04-22', 1),
(48, 64, 6, '2022-05-09', 1);

-- --------------------------------------------------------

--
-- Table structure for table `message_location`
--

CREATE TABLE `message_location` (
  `msgl_id` int NOT NULL,
  `m_id` int NOT NULL,
  `ml_id` int NOT NULL,
  `date` date NOT NULL,
  `status` int NOT NULL
) ENGINE=InnoDB DEFAULT CHARSET=latin1;

-- --------------------------------------------------------

--
-- Table structure for table `otp_verify`
--

CREATE TABLE `otp_verify` (
  `ov_id` int NOT NULL,
  `phone` text NOT NULL,
  `otp` int NOT NULL,
  `ask_id` int NOT NULL,
  `date` datetime NOT NULL,
  `status` int NOT NULL
) ENGINE=InnoDB DEFAULT CHARSET=latin1;

--
-- Dumping data for table `otp_verify`
--

INSERT INTO `otp_verify` (`ov_id`, `phone`, `otp`, `ask_id`, `date`, `status`) VALUES
(1, '23468723499', 4199, 1, '2022-03-21 09:40:49', 1),
(2, '12348798234', 51472, 1, '2022-03-22 04:32:49', 1),
(3, '4578936458', 24710, 1, '2022-03-22 04:39:24', 1),
(4, '89763475834', 32052, 1, '2022-03-22 04:57:14', 1),
(5, '23468923923', 97079, 1, '2022-03-22 05:43:29', 1),
(7, '345683456834', 52494, 1, '2022-03-22 05:51:23', 1),
(9, '345683456832', 46104, 1, '2022-03-22 06:07:05', 1),
(13, '345683423468', 21648, 1, '2022-03-22 06:27:10', 1),
(14, '34568342346823', 18938, 1, '2022-03-22 06:27:56', 1),
(26, '12312312317', 62601, 3, '2022-03-22 09:36:00', 1),
(30, '712312317', 67227, 3, '2022-03-22 10:03:51', 1),
(36, '712312312317', 477, 3, '2022-03-23 04:34:16', 1),
(38, '2346786435', 52720, 0, '2022-03-23 06:23:54', 1),
(39, '23468772346', 63396, 0, '2022-03-23 06:26:27', 1),
(40, '23487988234', 60830, 0, '2022-03-23 06:29:07', 1),
(41, '23479235792', 18163, 0, '2022-03-23 06:30:05', 1),
(42, '12312317675', 51695, 3, '2022-03-25 09:04:27', 1),
(43, '1234567890', 6335, 1, '2022-03-31 03:15:35', 1),
(44, '1234567432', 4865, 1, '2022-03-31 03:25:51', 1),
(45, '+92123794545', 7751, 1, '2022-03-31 03:54:15', 1),
(47, '3336116275', 4994, 3, '2022-03-31 04:10:36', 1),
(48, '1234534432', 9614, 1, '2022-03-31 11:35:32', 1),
(49, '1234567823', 7649, 1, '2022-04-01 12:23:44', 1),
(50, '587588888898', 3248, 3, '2022-04-01 04:48:10', 1),
(51, '88898089800', 9135, 3, '2022-04-01 05:31:03', 1),
(52, '686554948484', 3912, 3, '2022-04-01 05:43:02', 1),
(53, '65648778788', 5929, 3, '2022-04-01 05:59:19', 1),
(54, '657848457587', 2859, 3, '2022-04-01 06:21:45', 1),
(55, '94679778587', 4135, 3, '2022-04-01 06:36:02', 1),
(56, '686857788775', 7367, 3, '2022-04-01 06:38:40', 1),
(57, '1234827823', 4999, 1, '2022-04-01 07:12:21', 1),
(61, '12121212121', 1211, 1, '2022-04-02 12:52:55', 1),
(62, '12332432423', 49454, 0, '2022-04-02 01:04:10', 1),
(63, '121212211', 1126, 1, '2022-04-02 01:04:44', 1),
(64, '121312121', 6244, 1, '2022-04-02 01:06:05', 1),
(65, '1212121212', 6431, 1, '2022-04-02 01:09:01', 1),
(66, '12121212211', 1422, 1, '2022-04-02 01:10:16', 1),
(68, '', 68642, 0, '0000-00-00 00:00:00', 0),
(69, '123123123', 9292, 1, '2022-04-05 04:19:14', 1),
(70, '1231231231', 4799, 1, '2022-04-05 05:22:41', 1),
(72, '941689618', 1889, 1, '2022-04-06 03:08:13', 1),
(73, '03336116275', 7276, 3, '2022-04-07 03:09:18', 1),
(74, '1234432112', 22268, 0, '2022-04-07 04:09:45', 1),
(75, '03012888839', 4875, 3, '2022-04-07 07:45:08', 1),
(77, '8222828123', 7922, 1, '2022-04-08 04:57:30', 1),
(78, '111111111', 1346, 3, '2022-04-08 05:06:53', 1),
(79, '7878787878', 4395, 3, '2022-04-08 05:13:16', 1),
(80, '123456789', 8167, 1, '2022-04-09 04:27:47', 1),
(81, '12312312311', 5836, 1, '2022-04-09 04:50:52', 1),
(82, '1234567898', 5823, 1, '2022-04-09 04:58:42', 1),
(83, '1234567899', 2873, 1, '2022-04-09 05:02:28', 1),
(86, '556655665566', 8735, 3, '2022-04-12 02:35:19', 1),
(87, '1234567652', 9525, 1, '2022-04-12 03:15:00', 1),
(90, '665566556655', 6361, 3, '2022-04-12 03:38:24', 1),
(91, '12345678999', 7469, 1, '2022-04-12 07:02:17', 1),
(92, '94766640526', 5516, 1, '2022-04-12 09:56:23', 1),
(95, '94766640523', 3473, 0, '2022-04-12 10:23:59', 1),
(96, '1234867890', 4858, 3, '2022-04-13 03:09:51', 1),
(98, '94766640521', 4382, 1, '2022-04-13 03:53:01', 1),
(99, '4766640522', 5938, 1, '2022-04-13 03:53:22', 1),
(102, '2561643587', 6246, 0, '2022-04-13 07:07:13', 1),
(103, '9476640522', 533, 0, '2022-04-13 07:11:42', 1),
(105, '12345678909', 4280, 0, '2022-04-14 12:44:03', 1),
(106, '1257232365', 9243, 0, '2022-04-14 12:46:22', 1),
(107, '12343467823', 3336, 0, '2022-04-14 12:50:28', 1),
(108, '2346823467', 2941, 0, '2022-04-14 12:53:01', 1),
(109, '3000116275', 1772, 3, '2022-04-14 02:34:37', 1),
(111, '9876543210', 9493, 3, '2022-04-14 02:41:02', 1),
(115, '9766640522', 7152, 1, '2022-04-14 02:54:09', 1),
(116, '766640522', 2758, 1, '2022-04-14 02:54:20', 1),
(119, '03458757402', 9179, 3, '2022-04-14 02:57:44', 1),
(122, '94766640529', 2458, 1, '2022-04-14 03:43:09', 1),
(123, '765766640529', 4397, 1, '2022-04-14 03:47:34', 1),
(127, '765766640522', 7993, 1, '2022-04-14 03:53:17', 1),
(129, '+94766640522', 2294, 1, '2022-04-14 03:55:23', 1),
(130, '+97766640522', 2454, 1, '2022-04-14 03:55:36', 1),
(139, '+9476664052', 6185, 1, '2022-04-16 01:33:58', 1),
(142, '+923336116275', 6145, 0, '2022-04-18 02:41:26', 1),
(143, '923336116275', 9161, 0, '2022-04-18 03:00:03', 1),
(144, '+923000116275', 3573, 0, '2022-04-18 03:00:38', 1),
(145, '9896993859', 239, 0, '2022-04-18 03:05:31', 1),
(147, '+923045795762', 5849, 0, '2022-04-18 03:12:35', 1),
(148, '923355447479', 2266, 1, '2022-04-18 04:20:05', 1),
(152, '923315126521', 6334, 1, '2022-04-18 05:04:52', 1),
(153, '923235123484', 1386, 1, '2022-04-18 05:07:07', 1),
(155, '9876345271', 6427, 0, '2022-04-18 11:20:59', 1),
(156, '923553565659', 4683, 1, '2022-04-19 01:52:06', 1),
(157, '923344665655', 6667, 1, '2022-04-19 02:04:35', 1),
(159, '923354545454', 2922, 1, '2022-04-19 02:05:47', 1),
(161, '94766640524', 9119, 1, '2022-04-19 01:22:57', 1),
(162, '923045795761', 4181, 1, '2022-04-19 01:24:23', 1),
(207, '9783457934', 3854, 0, '2022-05-09 01:25:34', 1),
(208, '23687234582', 9623, 0, '2022-05-09 01:26:49', 1),
(209, '3458293648', 5147, 0, '2022-05-09 01:29:15', 1),
(210, '23468762837', 1852, 0, '2022-05-09 01:47:04', 1),
(211, '23784678234', 8959, 0, '2022-05-09 01:50:02', 1),
(212, '2346823468', 6476, 0, '2022-05-09 01:52:02', 1),
(215, '923000116275', 8841, 3, '2022-05-09 01:58:01', 1),
(216, '23467823458', 9507, 0, '2022-05-09 02:08:33', 1),
(217, '23845236487', 6144, 0, '2022-05-09 02:14:31', 1),
(218, '923000116273', 2869, 3, '2022-05-09 02:15:16', 1),
(219, '923000116276', 3333, 3, '2022-05-09 04:13:25', 1),
(220, '923000116277', 4612, 3, '2022-05-09 04:17:38', 1),
(221, '923000116278', 2931, 3, '2022-05-09 05:12:38', 1),
(222, '2134578234', 3664, 0, '2022-05-10 11:05:48', 1),
(223, '2346823452', 3407, 0, '2022-05-10 11:34:10', 1),
(224, '72348234234', 2947, 0, '2022-05-10 11:41:35', 1),
(225, '94766640522', 2263, 1, '2022-05-12 10:07:22', 1),
(229, '923008279112', 9743, 1, '2022-05-16 06:58:01', 1),
(245, '923045795762', 7542, 1, '2022-05-19 01:00:35', 1),
(259, '972598461721', 2297, 0, '2022-06-30 09:57:53', 1);

-- --------------------------------------------------------

--
-- Table structure for table `photo`
--

CREATE TABLE `photo` (
  `pid` int NOT NULL,
  `table` varchar(255) NOT NULL,
  `field` varchar(255) NOT NULL,
  `field_id` int NOT NULL,
  `photo_path` varchar(255) NOT NULL,
  `photo_title` varchar(255) NOT NULL DEFAULT 'dafault',
  `photo_order` int NOT NULL DEFAULT '0',
  `status` int NOT NULL DEFAULT '0' COMMENT '0=available | 1=not available'
) ENGINE=InnoDB DEFAULT CHARSET=latin1;

-- --------------------------------------------------------

--
-- Table structure for table `photos`
--

CREATE TABLE `photos` (
  `p_id` int NOT NULL,
  `data_table` varchar(255) NOT NULL,
  `id` int NOT NULL,
  `path` varchar(255) NOT NULL,
  `photo_title` varchar(255) NOT NULL,
  `date` date NOT NULL,
  `status` int NOT NULL
) ENGINE=InnoDB DEFAULT CHARSET=latin1;

--
-- Dumping data for table `photos`
--

INSERT INTO `photos` (`p_id`, `data_table`, `id`, `path`, `photo_title`, `date`, `status`) VALUES
(2, 'crops', 6, 'icon-org', 'mina', '0000-00-00', 0),
(3, 'crops', 1, '2df853d5ed9aa641ef9751387447d3f0', 'rice', '0000-00-00', 0),
(4, 'crops', 2, 'b30f17796226901aaee4a6c3ba18c44d', 'flour', '0000-00-00', 0),
(5, 'crops', 3, 'ce555625a1d3087d00b9c74668b31b02', 'tomato', '0000-00-00', 0),
(6, 'crops', 4, '70f8460375cadbc43a3cb42e8c75125a', 'Melon', '0000-00-00', 0);

-- --------------------------------------------------------

--
-- Table structure for table `staff_users`
--

CREATE TABLE `staff_users` (
  `user_id` int NOT NULL,
  `name` varchar(100) NOT NULL,
  `mobile` varchar(255) NOT NULL,
  `lang` int NOT NULL,
  `password` varchar(255) NOT NULL,
  `user_type` int NOT NULL DEFAULT '0' COMMENT '0=internal | 1=External	',
  `buyer_type` int NOT NULL COMMENT '0=no | 1=trader | 2=manufacturer',
  `years` int NOT NULL,
  `area` int NOT NULL,
  `crops` varchar(255) NOT NULL,
  `status` int NOT NULL DEFAULT '0' COMMENT '0=available | 1=not available',
  `ml_id` int NOT NULL,
  `date` datetime NOT NULL DEFAULT CURRENT_TIMESTAMP
) ENGINE=InnoDB DEFAULT CHARSET=latin1;

--
-- Dumping data for table `staff_users`
--

INSERT INTO `staff_users` (`user_id`, `name`, `mobile`, `lang`, `password`, `user_type`, `buyer_type`, `years`, `area`, `crops`, `status`, `ml_id`, `date`) VALUES
(1, 'admin', '12312312314', 0, '$2y$10$X/PuEEBh3XHZuJYZg3UN5eT1sBJHIqhJ2LulmBah4j4h4jUXxHtoe', 3, 0, 2, 5, '2', 1, 1, '2018-06-22 13:50:54'),
(22, 'unisys', '12312312312', 0, '$2y$10$SWiwOJRDSpY0R5PxDAyF1umbIgTRUlRCJ5ogz3C/uDnJD0fJ2taXO', 1, 0, 1, 3, '2', 0, 1, '2020-06-17 11:41:18'),
(30, 'lannister family', '94766640522', 1, '$2y$10$PA/aaVB3Gqgvq1I4PHhJJuWXboIw0wzLfMcrUntbkoMwXmCU6RX9G', 1, 0, 3, 23, '1', 1, 2, '2022-03-22 04:57:57'),
(33, 'Thomas Shelby', '23468772346', 1, '$2y$10$9Wm8gjnSvJi6PfmnL6rgx.w65KM6uZgYqsiODrwCRBBtHaXK.AwsO', 2, 2, 6, 30, '3', 1, 4, '2022-03-23 06:26:37'),
(35, 'john snow', '3479235792', 1, '$2y$10$6H36dGw/MYzouBFyd7RtTuRfKZ7P2PwSc.n/w.huVBmhCZ6uiLviO', 1, 0, 3, 28, '4', 0, 3, '2022-03-23 06:30:21'),
(39, 'Demo', '1235712322', 2, '$2y$10$uMM0Dm7YbPBXS0o4IRJQReCdBUWyYFR9rI.cFsYAn2leLJVqDUM.2', 1, 0, 2, 3, '2', 1, 1, '2022-03-31 03:23:54'),
(40, 'Alfie', '1234567432', 2, '$2y$10$mqt2r47VIp58OckgSw4Luu/Eh9KSVvMKni9COd9EgL2212j1Hcrw6', 2, 1, 2, 3, '2', 1, 5, '2022-03-31 03:26:35'),
(41, 'test', '3336116275', 1, '$2y$10$OK6lJi0fqPcgGeX4zWYCSO06Oghni3ibJs5thByyETsYT7kGatvx2', 1, 0, 2, 6, '1', 1, 2, '2022-03-31 04:35:30'),
(49, 'demo', '1234827823', 2, '$2y$10$eKmwdXrEZlA6SksOV3Uxee4DeG2A1yj3KVZN3fUlR7XQUS7xoYp9i', 2, 1, 2, 3, '2', 0, 2, '2022-04-01 07:13:34'),
(69, 'talha buyer', '12121212211', 1, '$2y$10$TMAHH/X7/lUTE2l00dvoeOPvifFXiDQR/5MSIVVCphTCT3FzlAkzW', 2, 1, 0, 0, '2', 0, 2, '2022-04-02 01:10:20'),
(74, 'dhanpreet', '9416896182', 1, '$2y$10$ErPQLOD7EURmzpWBQn59MeoeDTopmHW4FqEnv/gbWRDtpIQLC3a32', 1, 0, 10, 10, '2', 1, 2, '2022-04-06 03:08:17'),
(76, 'Emaad Sidiki', '3012888839', 1, '$2y$10$F.7l8TdsL/pahQbbpOizMuY76AtNzgXLiw6oV8JOfrGKCue.XPS0O', 1, 0, 5, 100, '3', 1, 2, '2022-04-07 07:45:58'),
(77, 'admin', '8222828123', 2, '$2y$10$iMS3i1VR7d4A9VZnRDOdTOXfCnuixgpuU1XoN2Kh1Xy2IraR4BIW2', 2, 1, 2, 3, '2', 1, 1, '2022-04-08 05:00:07'),
(82, 'test', '1234567898', 2, '$2y$10$7ZgkcS.gcIyV8EN9U/3G.uWYCXw3h2DFlMRsMk56Gx34NQdpfn/tm', 1, 0, 1, 1, '1', 1, 1, '2022-04-09 04:58:48'),
(87, 'dfaad', '33361162750', 1, '$2y$10$myapUK6DEM.3QOmf4KYBCOCt.0YPuhp.1XlGBsCs2KJrebvmVDjey', 13, 1, 4, 4, '1', 0, 1, '2022-04-13 04:14:22'),
(96, 'minhaj demo', '766640523', 1, '$2y$10$7e8ZSuJA3UAeO/4ZBRnHFuH.kb5N2Lf.YSsu16VVtvvdIzGyHrFW.', 2, 0, 12, 23, '2', 1, 2, '2022-04-15 02:42:04'),
(100, 'admin', '1234334432', 2, '$2y$10$3PLWoA1GBk/vei0MFRAtpOpOkXfnqW8bq7Z5CDUx5TPsz0ojJu7vG', 2, 1, 2, 3, '2', 0, 1, '2022-04-16 12:51:27'),
(103, 'dfaad', '03000116272', 1, '$2y$10$4Z1gC/z96lBQmkYAfw/AN.13gy0CKHryxaD75OntlUiu7vlyxLkeC', 13, 1, 4, 4, '1', 0, 1, '2022-04-17 11:41:07'),
(117, 'talha', '3045795763', 1, '$2y$10$Uc02XxMoHMoqzxkFdnzS8eSIFjgIF4R38yrEgRk7nSG6plEgj2YUO', 1, 0, 12, 12, '2', 1, 2, '2022-04-19 02:02:58'),
(130, 'new test', '1234334431', 2, '$2y$10$OJ60WK.qd55S8AnIGH9TBe7rwOMGy8L4MHVOaHC094BhpqqjMGnj.', 1, 1, 2, 3, '2', 1, 1, '2022-05-06 09:50:28'),
(131, 'new test', '1234334434', 2, '$2y$10$IVHM//pvVbn8FqfDrFT1zuqf6xVNjdEdci6p1azn9QwACJfSYHrvO', 1, 1, 2, 3, '2', 1, 1, '2022-05-06 09:51:54'),
(132, 'minhaj', '23687234582', 2, '$2y$10$NYooi19lMUNWRS7bHvVaqevv2BTFkisjFNlOHwZCcGPEiJDEeJPK2', 2, 0, 2, 4, '2', 0, 1, '2022-05-09 01:27:30'),
(133, 'minhaj', '3458293648', 1, '$2y$10$nLrPu99guMROA0DukX1ksuhKqq9bOS3INX5S4yu6iMtdgNnn4UlJq', 1, 0, 1, 3, '2', 1, 1, '2022-05-09 01:29:32'),
(134, 'minhaj', '23784678234', 1, '$2y$10$m1xiCncKgz6fqwlDGl/vjuYu7F5i9lIz0QUxG0Cf.cIqB78i2Dc9q', 1, 0, 1, 3, '2', 0, 2, '2022-05-09 01:50:17'),
(135, 'mina', '2346823468', 1, '$2y$10$o3HFJU.3Hkm4QUyVSYaWLuIKHSmz8ctqh.6ra7LSAowVZIeEqsHwa', 1, 0, 2, 4, '2', 0, 1, '2022-05-09 01:52:12'),
(136, 'farmer', '3000116275', 1, '$2y$10$fN8SrYmj7Bzx641Fzs3jlOnTENJZWZnscqX6TB3uyWAPuQTEeE6sK', 1, 1, 5, 49, '1', 1, 1, '2022-05-09 01:58:28'),
(137, 'dfaad', '30001162751', 1, '$2y$10$faob3bar.aaQBSBi0oJhF.4bIPPXiyLp4OS/qw5r/9Ls3UiN6sa4K', 1, 1, 0, 0, '1', 1, 1, '2022-05-09 02:07:12'),
(138, 'minhaj', '23467823458', 1, '$2y$10$Fs0aLNJmSi/utTPoZ.A.8.8I/wWpKxsFijbf0BCL8ubi0KeWnXx5q', 1, 0, 1, 3, '2', 0, 2, '2022-05-09 02:08:44'),
(139, 'dfaad', '30001162752', 1, '$2y$10$Nkxbr5gat5xRzwajchJ0zOfrye.Vj9TZrN1.itgfj/IwU19gRqPz6', 1, 1, 0, 0, '1', 1, 1, '2022-05-09 02:10:22'),
(140, 'minhaj', '23845236487', 1, '$2y$10$aXz2caDWpJZZ8X5T9ndKtePgR/MeSKBayPvzNiFIZh1RuYluTVSkO', 1, 0, 0, 0, '3', 0, 1, '2022-05-09 02:14:41'),
(141, 'farmer', '3000116273', 1, '$2y$10$ev5DlTJuNBzx08eutIeyMut8Ukb579oFNV9/OrQ17cXD3s2FxaYna', 1, 1, 0, 0, '1', 1, 1, '2022-05-09 02:15:41'),
(142, 'dfaad', '300011627523', 1, '$2y$10$PAGxO.Mk1DmFW4iY8HS4Qe27SXR2iQp/dukC8xzSoL9wd7ziFa0lu', 1, 1, 0, 0, '1', 1, 1, '2022-05-09 02:18:44'),
(143, 'farmer', '3000116276', 1, '$2y$10$F57PVrbfsodhjYow.CrV4ulGCZJduPFkZNldmdWc..x2TEBJeMi8O', 1, 1, 5, 49, '1', 1, 1, '2022-05-09 04:13:53'),
(144, 'farmer', '3000116277', 1, '$2y$10$GJenBKuKukk4UypbOQ7.vO1B/QOX1CerOrjZimlhlZvWbAKb3Gc6m', 1, 1, 5, 49, '2', 1, 2, '2022-05-09 04:18:06'),
(145, 'new test', '12343344343', 2, '$2y$10$cFIvdUvGYBPJ4kTlJeVZhuRy2wzh4fhu0qya.yUW7fh/qw2qDzvCm', 1, 1, 2, 3, '2', 1, 1, '2022-05-09 04:59:46'),
(146, 'new test', '123433443436', 2, '$2y$10$ThntFHrcN0DCWsw1YEL8DetevUiTbb8OxMDJzgJom29fhPGRTieje', 1, 1, 2, 3, '2', 1, 1, '2022-05-09 05:08:29'),
(147, 'farmer', '3000116278', 1, '$2y$10$W8oCJ6MU5ffxP/iLpboc6u8YnUaNOQdk6l8gqE4ZsfM0/8tVBcZ/y', 1, 1, 5, 49, '1', 1, 2, '2022-05-09 05:12:46'),
(148, 'test', '3045795763', 1, '$2y$10$nvHj.m6d69m.SAFdOvt9K.BJAOCviucFhm1gYBhfUHrry2H62uoCS', 1, 1, 12, 12, '1', 1, 1, '2022-05-09 05:54:50'),
(149, 'test', '3045795761', 1, '$2y$10$D2HNshBlILQx3M0I4VrmaeOxWTJD/Vo6WbOUhGPlj.3IG46h4MFcS', 1, 1, 0, 0, '1', 1, 1, '2022-05-09 06:03:06'),
(150, 'minhaj', '2134578234', 1, '$2y$10$n96u.UQgmFxDau5DKX6uv.P2aQZyqlkVxzz5AkgRdoB6cwNHl7Mpa', 1, 0, 1, 0, '2', 0, 2, '2022-05-10 11:06:08'),
(151, 'minhaj', '2346823452', 0, '$2y$10$nQQzyICZGleMp9hkGNMQAeTyWC6FswJrkdfFuT97nXrV5VqesPgvC', 1, 0, 1, 0, '2', 0, 2, '2022-05-10 11:34:21'),
(152, 'test', '3045795762', 1, '$2y$10$btzdoF3OjLG3TPNqHaLXeecP.Ee69sHszEGhTFmdS0JykFwUH7Ca6', 1, 1, 12, 12, '3', 1, 1, '2023-01-29 01:21:14');

-- --------------------------------------------------------

--
-- Table structure for table `types`
--

CREATE TABLE `types` (
  `t_id` int NOT NULL,
  `user_type` varchar(255) NOT NULL,
  `user_type_urdu` varchar(255) CHARACTER SET utf8mb3 COLLATE utf8mb3_bin NOT NULL,
  `date` date NOT NULL,
  `status` int NOT NULL
) ENGINE=InnoDB DEFAULT CHARSET=utf8mb4 COLLATE=utf8mb4_0900_ai_ci;

--
-- Dumping data for table `types`
--

INSERT INTO `types` (`t_id`, `user_type`, `user_type_urdu`, `date`, `status`) VALUES
(1, 'Farmer', 'کسان', '2022-05-06', 1),
(2, 'Seller of farm inputs', 'فارم کی آدانوں کا بیچنے والا', '2022-05-06', 1),
(3, 'Buyer seller of farm produce', 'زرعی پیداوار کا خریدار بیچنے والا', '2022-05-06', 1),
(4, 'Manufacturer', 'کارخانہ دار', '2022-05-06', 1);

-- --------------------------------------------------------

--
-- Table structure for table `user_crops`
--

CREATE TABLE `user_crops` (
  `uc_id` int NOT NULL,
  `user_id` int NOT NULL,
  `c_id` int NOT NULL,
  `date` date NOT NULL,
  `status` int NOT NULL
) ENGINE=InnoDB DEFAULT CHARSET=latin1;

--
-- Dumping data for table `user_crops`
--

INSERT INTO `user_crops` (`uc_id`, `user_id`, `c_id`, `date`, `status`) VALUES
(1, 1, 1, '2022-03-24', 1),
(2, 1, 2, '2022-03-24', 1),
(31, 31, 3, '2022-03-28', 1),
(43, 32, 2, '2022-03-28', 1),
(51, 34, 2, '2022-03-28', 1),
(52, 34, 4, '2022-03-28', 1),
(70, 28, 1, '2022-03-29', 1),
(71, 28, 2, '2022-03-29', 1),
(72, 28, 3, '2022-03-29', 1),
(73, 2, 2, '2022-03-29', 1),
(74, 2, 3, '2022-03-29', 1),
(75, 29, 1, '2022-03-29', 1),
(76, 29, 2, '2022-03-29', 1),
(84, 33, 1, '2022-03-30', 1),
(85, 33, 2, '2022-03-30', 1),
(86, 33, 3, '2022-03-30', 1),
(107, 42, 3, '2022-03-31', 1),
(118, 43, 3, '2022-04-01', 1),
(119, 43, 4, '2022-04-01', 1),
(121, 45, 0, '2022-04-01', 1),
(122, 45, 0, '2022-04-01', 1),
(123, 46, 0, '2022-04-01', 1),
(124, 46, 0, '2022-04-01', 1),
(127, 48, 0, '2022-04-01', 1),
(128, 48, 0, '2022-04-01', 1),
(139, 47, 3, '2022-04-01', 1),
(140, 47, 4, '2022-04-01', 1),
(141, 44, 1, '2022-04-01', 1),
(155, 62, 2, '2022-04-02', 1),
(156, 62, 1, '2022-04-02', 1),
(161, 66, 4, '2022-04-02', 1),
(162, 66, 3, '2022-04-02', 1),
(163, 67, 4, '2022-04-02', 1),
(164, 67, 3, '2022-04-02', 1),
(165, 68, 1, '2022-04-02', 1),
(166, 68, 2, '2022-04-02', 1),
(167, 69, 2, '2022-04-02', 1),
(168, 69, 3, '2022-04-02', 1),
(169, 70, 0, '2022-04-04', 1),
(170, 70, 0, '2022-04-04', 1),
(171, 71, 1, '2022-04-05', 1),
(172, 71, 2, '2022-04-05', 1),
(173, 72, 1, '2022-04-05', 1),
(174, 72, 2, '2022-04-05', 1),
(175, 73, 0, '2022-04-06', 1),
(178, 75, 0, '2022-04-07', 1),
(179, 75, 0, '2022-04-07', 1),
(180, 75, 0, '2022-04-07', 1),
(191, 79, 0, '2022-04-08', 1),
(192, 80, 3, '2022-04-09', 1),
(193, 81, 6, '2022-04-09', 1),
(194, 82, 2, '2022-04-09', 1),
(195, 83, 3, '2022-04-09', 1),
(196, 85, 0, '2022-04-12', 1),
(197, 86, 0, '2022-04-12', 1),
(198, 87, 1, '2022-04-13', 1),
(199, 90, 3, '2022-04-14', 1),
(200, 90, 4, '2022-04-14', 1),
(204, 95, 2, '2022-04-15', 1),
(205, 0, 1, '2022-04-15', 1),
(206, 0, 3, '2022-04-15', 1),
(209, 97, 2, '2022-04-15', 1),
(210, 97, 4, '2022-04-15', 1),
(211, 98, 1, '2022-04-15', 1),
(212, 98, 6, '2022-04-15', 1),
(213, 99, 1, '2022-04-15', 1),
(214, 99, 3, '2022-04-15', 1),
(217, 102, 1, '2022-04-16', 1),
(218, 103, 1, '2022-04-17', 1),
(219, 104, 1, '2022-04-18', 1),
(220, 104, 2, '2022-04-18', 1),
(221, 105, 1, '2022-04-18', 1),
(222, 105, 2, '2022-04-18', 1),
(223, 106, 1, '2022-04-18', 1),
(224, 106, 2, '2022-04-18', 1),
(225, 107, 1, '2022-04-18', 1),
(226, 107, 2, '2022-04-18', 1),
(227, 108, 1, '2022-04-19', 1),
(228, 108, 2, '2022-04-19', 1),
(229, 109, 1, '2022-04-19', 1),
(230, 109, 2, '2022-04-19', 1),
(231, 110, 1, '2022-04-19', 1),
(232, 110, 2, '2022-04-19', 1),
(233, 111, 2, '2022-04-19', 1),
(234, 111, 1, '2022-04-19', 1),
(235, 112, 2, '2022-04-19', 1),
(236, 112, 1, '2022-04-19', 1),
(237, 113, 0, '2022-04-19', 1),
(240, 114, 1, '2022-04-19', 1),
(241, 114, 2, '2022-04-19', 1),
(244, 115, 1, '2022-04-19', 1),
(245, 115, 2, '2022-04-19', 1),
(248, 116, 1, '2022-04-19', 1),
(249, 116, 2, '2022-04-19', 1),
(252, 93, 4, '2022-04-19', 1),
(253, 91, 4, '2022-04-19', 1),
(254, 118, 0, '2022-04-19', 1),
(255, 119, 0, '2022-04-19', 1),
(256, 120, 0, '2022-04-19', 1),
(257, 121, 0, '2022-04-19', 1),
(258, 122, 0, '2022-04-20', 1),
(259, 78, 3, '2022-04-20', 1),
(260, 123, 0, '2022-04-20', 1),
(261, 40, 3, '2022-04-20', 1),
(262, 40, 4, '2022-04-20', 1),
(263, 124, 0, '2022-04-20', 1),
(264, 124, 0, '2022-04-20', 1),
(265, 125, 0, '2022-04-20', 1),
(266, 125, 0, '2022-04-20', 1),
(267, 126, 6, '2022-04-20', 1),
(270, 96, 1, '2022-04-20', 1),
(271, 96, 3, '2022-04-20', 1),
(275, 49, 1, '2022-04-20', 1),
(276, 49, 3, '2022-04-20', 1),
(277, 127, 0, '2022-04-20', 1),
(278, 128, 4, '2022-04-20', 1),
(279, 128, 6, '2022-04-20', 1),
(280, 129, 3, '2022-04-20', 1),
(281, 129, 4, '2022-04-20', 1),
(282, 100, 3, '2022-04-22', 1),
(283, 100, 4, '2022-04-22', 1),
(286, 74, 1, '2022-04-25', 1),
(287, 74, 2, '2022-04-25', 1),
(291, 35, 1, '2022-04-25', 1),
(292, 35, 2, '2022-04-25', 1),
(293, 35, 3, '2022-04-25', 1),
(294, 35, 4, '2022-04-25', 1),
(295, 30, 3, '2022-04-25', 1),
(296, 117, 1, '2022-04-25', 1),
(297, 117, 2, '2022-04-25', 1),
(298, 41, 3, '2022-04-25', 1),
(299, 22, 2, '2022-04-25', 1),
(300, 22, 4, '2022-04-25', 1),
(309, 76, 1, '2022-04-25', 1),
(310, 76, 2, '2022-04-25', 1),
(311, 76, 0, '2022-04-25', 1),
(316, 130, 3, '2022-05-06', 1),
(317, 130, 4, '2022-05-06', 1),
(318, 131, 3, '2022-05-06', 1),
(319, 131, 4, '2022-05-06', 1),
(320, 132, 1, '2022-05-09', 1),
(321, 132, 7, '2022-05-09', 1),
(322, 133, 1, '2022-05-09', 1),
(323, 133, 3, '2022-05-09', 1),
(324, 134, 1, '2022-05-09', 1),
(325, 134, 3, '2022-05-09', 1),
(326, 135, 1, '2022-05-09', 1),
(327, 135, 4, '2022-05-09', 1),
(328, 136, 7, '2022-05-09', 1),
(329, 137, 6, '2022-05-09', 1),
(330, 138, 1, '2022-05-09', 1),
(331, 138, 7, '2022-05-09', 1),
(332, 139, 6, '2022-05-09', 1),
(333, 140, 1, '2022-05-09', 1),
(334, 140, 4, '2022-05-09', 1),
(335, 140, 6, '2022-05-09', 1),
(336, 141, 7, '2022-05-09', 1),
(337, 142, 6, '2022-05-09', 1),
(338, 143, 6, '2022-05-09', 1),
(339, 144, 4, '2022-05-09', 1),
(340, 144, 3, '2022-05-09', 1),
(341, 145, 3, '2022-05-09', 1),
(342, 145, 4, '2022-05-09', 1),
(343, 146, 3, '2022-05-09', 1),
(344, 146, 4, '2022-05-09', 1),
(345, 147, 4, '2022-05-09', 1),
(346, 148, 4, '2022-05-09', 1),
(347, 149, 4, '2022-05-09', 1),
(348, 150, 2, '2022-05-10', 1),
(349, 150, 4, '2022-05-10', 1),
(350, 151, 3, '2022-05-10', 1),
(351, 151, 6, '2022-05-10', 1),
(352, 39, 3, '2022-05-12', 1),
(353, 39, 4, '2022-05-12', 1),
(356, 77, 3, '2022-05-12', 1),
(357, 77, 4, '2022-05-12', 1),
(358, 152, 1, '2023-01-29', 1),
(359, 152, 2, '2023-01-29', 1),
(360, 152, 3, '2023-01-29', 1);

-- --------------------------------------------------------

--
-- Table structure for table `user_mandis`
--

CREATE TABLE `user_mandis` (
  `um_id` int NOT NULL,
  `user_id` int NOT NULL,
  `ml_id` int NOT NULL,
  `date` date NOT NULL,
  `status` int NOT NULL
) ENGINE=InnoDB DEFAULT CHARSET=latin1;

--
-- Dumping data for table `user_mandis`
--

INSERT INTO `user_mandis` (`um_id`, `user_id`, `ml_id`, `date`, `status`) VALUES
(1, 43, 3, '2022-03-31', 1),
(2, 40, 3, '2022-04-20', 1),
(3, 40, 1, '2022-04-19', 1),
(4, 31, 4, '2022-04-20', 1),
(5, 31, 2, '2022-04-20', 1),
(6, 31, 1, '2022-04-21', 1),
(7, 33, 5, '2022-04-21', 1),
(8, 33, 3, '2022-04-20', 1),
(9, 22, 5, '2022-04-21', 1),
(10, 22, 6, '2022-04-21', 1),
(11, 22, 7, '2022-04-21', 1),
(12, 30, 2, '2022-04-22', 1),
(13, 35, 4, '2022-04-22', 1),
(14, 35, 7, '2022-04-21', 1),
(15, 35, 8, '2022-04-20', 1),
(17, 41, 5, '2022-04-20', 1),
(18, 41, 2, '2022-04-14', 1),
(19, 44, 0, '2022-04-01', 1),
(20, 45, 0, '2022-04-01', 1),
(21, 45, 0, '2022-04-01', 1),
(22, 46, 0, '2022-04-01', 1),
(23, 46, 0, '2022-04-01', 1),
(24, 47, 0, '2022-04-01', 1),
(25, 47, 0, '2022-04-01', 1),
(26, 48, 0, '2022-04-01', 1),
(27, 48, 0, '2022-04-01', 1),
(28, 49, 1, '2022-04-01', 1),
(29, 49, 4, '2022-04-01', 1),
(41, 62, 2, '2022-04-02', 1),
(42, 62, 1, '2022-04-02', 1),
(45, 66, 1, '2022-04-02', 1),
(46, 66, 2, '2022-04-02', 1),
(47, 67, 1, '2022-04-02', 1),
(48, 67, 2, '2022-04-02', 1),
(49, 68, 2, '2022-04-02', 1),
(50, 68, 1, '2022-04-02', 1),
(51, 69, 2, '2022-04-02', 1),
(52, 69, 1, '2022-04-02', 1),
(53, 70, 0, '2022-04-04', 1),
(54, 70, 0, '2022-04-04', 1),
(55, 71, 1, '2022-04-05', 1),
(56, 71, 2, '2022-04-05', 1),
(57, 72, 1, '2022-04-05', 1),
(58, 72, 2, '2022-04-05', 1),
(59, 73, 0, '2022-04-06', 1),
(60, 74, 1, '2022-04-06', 1),
(61, 74, 2, '2022-04-06', 1),
(62, 75, 0, '2022-04-07', 1),
(63, 75, 0, '2022-04-07', 1),
(65, 77, 3, '2022-04-08', 1),
(66, 78, 0, '2022-04-08', 1),
(67, 79, 0, '2022-04-08', 1),
(68, 80, 1, '2022-04-09', 1),
(69, 81, 2, '2022-04-09', 1),
(70, 81, 3, '2022-04-09', 1),
(71, 82, 1, '2022-04-09', 1),
(72, 83, 2, '2022-04-09', 1),
(73, 85, 0, '2022-04-12', 1),
(74, 86, 0, '2022-04-12', 1),
(75, 87, 1, '2022-04-13', 1),
(76, 90, 3, '2022-04-14', 1),
(77, 90, 4, '2022-04-14', 1),
(78, 91, 0, '2022-04-14', 1),
(79, 93, 0, '2022-04-14', 1),
(80, 95, 2, '2022-04-15', 1),
(81, 95, 7, '2022-04-15', 1),
(82, 0, 2, '2022-04-15', 1),
(83, 0, 4, '2022-04-15', 1),
(84, 96, 1, '2022-04-15', 1),
(85, 96, 6, '2022-04-15', 1),
(86, 97, 3, '2022-04-15', 1),
(87, 97, 4, '2022-04-15', 1),
(88, 98, 2, '2022-04-15', 1),
(89, 98, 8, '2022-04-15', 1),
(90, 99, 1, '2022-04-15', 1),
(91, 99, 6, '2022-04-15', 1),
(92, 100, 3, '2022-04-16', 1),
(93, 102, 1, '2022-04-16', 1),
(94, 103, 1, '2022-04-17', 1),
(95, 104, 1, '2022-04-18', 1),
(96, 104, 2, '2022-04-18', 1),
(97, 105, 1, '2022-04-18', 1),
(98, 105, 2, '2022-04-18', 1),
(99, 106, 1, '2022-04-18', 1),
(100, 106, 2, '2022-04-18', 1),
(101, 107, 1, '2022-04-18', 1),
(102, 107, 2, '2022-04-18', 1),
(103, 108, 1, '2022-04-19', 1),
(104, 108, 2, '2022-04-19', 1),
(105, 109, 1, '2022-04-19', 1),
(106, 109, 2, '2022-04-19', 1),
(107, 110, 1, '2022-04-19', 1),
(108, 110, 2, '2022-04-19', 1),
(109, 111, 1, '2022-04-19', 1),
(110, 111, 2, '2022-04-19', 1),
(111, 112, 1, '2022-04-19', 1),
(112, 112, 2, '2022-04-19', 1),
(113, 113, 0, '2022-04-19', 1),
(114, 114, 1, '2022-04-19', 1),
(115, 114, 2, '2022-04-19', 1),
(116, 115, 1, '2022-04-19', 1),
(117, 115, 2, '2022-04-19', 1),
(118, 116, 2, '2022-04-19', 1),
(119, 116, 1, '2022-04-19', 1),
(120, 117, 1, '2022-04-19', 1),
(121, 117, 2, '2022-04-19', 1),
(122, 118, 0, '2022-04-19', 1),
(123, 119, 0, '2022-04-19', 1),
(124, 120, 0, '2022-04-19', 1),
(125, 121, 0, '2022-04-19', 1),
(126, 122, 0, '2022-04-20', 1),
(127, 123, 0, '2022-04-20', 1),
(128, 124, 0, '2022-04-20', 1),
(129, 124, 0, '2022-04-20', 1),
(130, 125, 0, '2022-04-20', 1),
(131, 125, 0, '2022-04-20', 1),
(132, 126, 2, '2022-04-20', 1),
(133, 127, 0, '2022-04-20', 1),
(134, 128, 1, '2022-04-20', 1),
(135, 128, 2, '2022-04-20', 1),
(136, 129, 1, '2022-04-20', 1),
(137, 129, 2, '2022-04-20', 1),
(138, 129, 3, '2022-04-20', 1),
(144, 76, 1, '2022-04-25', 1),
(145, 76, 0, '2022-04-25', 1),
(146, 130, 3, '2022-05-06', 1),
(147, 131, 3, '2022-05-06', 1),
(148, 132, 4, '2022-05-09', 1),
(149, 133, 1, '2022-05-09', 1),
(150, 134, 1, '2022-05-09', 1),
(151, 134, 2, '2022-05-09', 1),
(152, 135, 2, '2022-05-09', 1),
(153, 136, 4, '2022-05-09', 1),
(154, 137, 2, '2022-05-09', 1),
(155, 138, 1, '2022-05-09', 1),
(156, 138, 2, '2022-05-09', 1),
(157, 139, 2, '2022-05-09', 1),
(158, 140, 2, '2022-05-09', 1),
(159, 141, 3, '2022-05-09', 1),
(160, 142, 2, '2022-05-09', 1),
(161, 143, 4, '2022-05-09', 1),
(162, 144, 3, '2022-05-09', 1),
(163, 144, 4, '2022-05-09', 1),
(164, 145, 3, '2022-05-09', 1),
(165, 146, 3, '2022-05-09', 1),
(166, 147, 4, '2022-05-09', 1),
(167, 147, 3, '2022-05-09', 1),
(168, 148, 2, '2022-05-09', 1),
(169, 149, 2, '2022-05-09', 1),
(170, 150, 2, '2022-05-10', 1),
(171, 150, 4, '2022-05-10', 1),
(172, 151, 1, '2022-05-10', 1),
(173, 151, 2, '2022-05-10', 1),
(174, 39, 1, '2022-05-12', 1),
(175, 152, 2, '2023-01-29', 1);

-- --------------------------------------------------------

--
-- Table structure for table `user_type`
--

CREATE TABLE `user_type` (
  `ut_id` int NOT NULL,
  `user_id` int NOT NULL,
  `t_id` int NOT NULL,
  `date` date NOT NULL,
  `status` int NOT NULL
) ENGINE=InnoDB DEFAULT CHARSET=utf8mb4 COLLATE=utf8mb4_0900_ai_ci;

--
-- Dumping data for table `user_type`
--

INSERT INTO `user_type` (`ut_id`, `user_id`, `t_id`, `date`, `status`) VALUES
(1, 130, 2, '2022-05-06', 1),
(2, 131, 2, '2022-05-06', 1),
(3, 131, 3, '2022-05-06', 1),
(4, 136, 1, '2022-05-09', 1),
(5, 137, 1, '2022-05-09', 1),
(6, 138, 2, '2022-05-09', 1),
(7, 138, 3, '2022-05-09', 1),
(8, 138, 4, '2022-05-09', 1),
(9, 139, 1, '2022-05-09', 1),
(10, 140, 2, '2022-05-09', 1),
(11, 140, 3, '2022-05-09', 1),
(12, 140, 4, '2022-05-09', 1),
(13, 141, 2, '2022-05-09', 1),
(14, 141, 3, '2022-05-09', 1),
(15, 142, 1, '2022-05-09', 1),
(16, 143, 1, '2022-05-09', 1),
(17, 143, 2, '2022-05-09', 1),
(18, 144, 2, '2022-05-09', 1),
(19, 144, 4, '2022-05-09', 1),
(20, 145, 2, '2022-05-09', 1),
(21, 145, 3, '2022-05-09', 1),
(22, 146, 2, '2022-05-09', 1),
(23, 146, 3, '2022-05-09', 1),
(24, 147, 2, '2022-05-09', 1),
(25, 147, 3, '2022-05-09', 1),
(26, 148, 1, '2022-05-09', 1),
(27, 148, 2, '2022-05-09', 1),
(28, 149, 1, '2022-05-09', 1),
(29, 149, 2, '2022-05-09', 1),
(30, 150, 2, '2022-05-10', 1),
(31, 150, 3, '2022-05-10', 1),
(32, 151, 3, '2022-05-10', 1);

--
-- Indexes for dumped tables
--

--
-- Indexes for table `api_secret_key`
--
ALTER TABLE `api_secret_key`
  ADD PRIMARY KEY (`ask_id`);

--
-- Indexes for table `buyer_price`
--
ALTER TABLE `buyer_price`
  ADD PRIMARY KEY (`bp_id`);

--
-- Indexes for table `crops`
--
ALTER TABLE `crops`
  ADD PRIMARY KEY (`c_id`);

--
-- Indexes for table `crops_location`
--
ALTER TABLE `crops_location`
  ADD PRIMARY KEY (`cl_id`);

--
-- Indexes for table `crop_price`
--
ALTER TABLE `crop_price`
  ADD PRIMARY KEY (`cp_id`);

--
-- Indexes for table `customers`
--
ALTER TABLE `customers`
  ADD PRIMARY KEY (`cust_id`),
  ADD UNIQUE KEY `mobile` (`mobile`);

--
-- Indexes for table `forgot_password`
--
ALTER TABLE `forgot_password`
  ADD PRIMARY KEY (`fp_id`);

--
-- Indexes for table `mandi_location`
--
ALTER TABLE `mandi_location`
  ADD PRIMARY KEY (`ml_id`);

--
-- Indexes for table `message`
--
ALTER TABLE `message`
  ADD PRIMARY KEY (`m_id`);

--
-- Indexes for table `message_crop`
--
ALTER TABLE `message_crop`
  ADD PRIMARY KEY (`mc_id`);

--
-- Indexes for table `message_location`
--
ALTER TABLE `message_location`
  ADD PRIMARY KEY (`msgl_id`);

--
-- Indexes for table `otp_verify`
--
ALTER TABLE `otp_verify`
  ADD PRIMARY KEY (`ov_id`);

--
-- Indexes for table `photos`
--
ALTER TABLE `photos`
  ADD PRIMARY KEY (`p_id`);

--
-- Indexes for table `staff_users`
--
ALTER TABLE `staff_users`
  ADD PRIMARY KEY (`user_id`);

--
-- Indexes for table `types`
--
ALTER TABLE `types`
  ADD PRIMARY KEY (`t_id`);

--
-- Indexes for table `user_crops`
--
ALTER TABLE `user_crops`
  ADD PRIMARY KEY (`uc_id`);

--
-- Indexes for table `user_mandis`
--
ALTER TABLE `user_mandis`
  ADD PRIMARY KEY (`um_id`);

--
-- Indexes for table `user_type`
--
ALTER TABLE `user_type`
  ADD PRIMARY KEY (`ut_id`);

--
-- AUTO_INCREMENT for dumped tables
--

--
-- AUTO_INCREMENT for table `api_secret_key`
--
ALTER TABLE `api_secret_key`
  MODIFY `ask_id` int NOT NULL AUTO_INCREMENT, AUTO_INCREMENT=4;

--
-- AUTO_INCREMENT for table `buyer_price`
--
ALTER TABLE `buyer_price`
  MODIFY `bp_id` int NOT NULL AUTO_INCREMENT, AUTO_INCREMENT=7;

--
-- AUTO_INCREMENT for table `crops`
--
ALTER TABLE `crops`
  MODIFY `c_id` int NOT NULL AUTO_INCREMENT, AUTO_INCREMENT=11;

--
-- AUTO_INCREMENT for table `crops_location`
--
ALTER TABLE `crops_location`
  MODIFY `cl_id` int NOT NULL AUTO_INCREMENT, AUTO_INCREMENT=214;

--
-- AUTO_INCREMENT for table `crop_price`
--
ALTER TABLE `crop_price`
  MODIFY `cp_id` int NOT NULL AUTO_INCREMENT, AUTO_INCREMENT=393;

--
-- AUTO_INCREMENT for table `customers`
--
ALTER TABLE `customers`
  MODIFY `cust_id` int NOT NULL AUTO_INCREMENT, AUTO_INCREMENT=14;

--
-- AUTO_INCREMENT for table `forgot_password`
--
ALTER TABLE `forgot_password`
  MODIFY `fp_id` int NOT NULL AUTO_INCREMENT, AUTO_INCREMENT=109;

--
-- AUTO_INCREMENT for table `mandi_location`
--
ALTER TABLE `mandi_location`
  MODIFY `ml_id` int NOT NULL AUTO_INCREMENT, AUTO_INCREMENT=12;

--
-- AUTO_INCREMENT for table `message`
--
ALTER TABLE `message`
  MODIFY `m_id` int NOT NULL AUTO_INCREMENT, AUTO_INCREMENT=66;

--
-- AUTO_INCREMENT for table `message_crop`
--
ALTER TABLE `message_crop`
  MODIFY `mc_id` int NOT NULL AUTO_INCREMENT, AUTO_INCREMENT=49;

--
-- AUTO_INCREMENT for table `message_location`
--
ALTER TABLE `message_location`
  MODIFY `msgl_id` int NOT NULL AUTO_INCREMENT;

--
-- AUTO_INCREMENT for table `otp_verify`
--
ALTER TABLE `otp_verify`
  MODIFY `ov_id` int NOT NULL AUTO_INCREMENT, AUTO_INCREMENT=260;

--
-- AUTO_INCREMENT for table `photos`
--
ALTER TABLE `photos`
  MODIFY `p_id` int NOT NULL AUTO_INCREMENT, AUTO_INCREMENT=7;

--
-- AUTO_INCREMENT for table `staff_users`
--
ALTER TABLE `staff_users`
  MODIFY `user_id` int NOT NULL AUTO_INCREMENT, AUTO_INCREMENT=153;

--
-- AUTO_INCREMENT for table `types`
--
ALTER TABLE `types`
  MODIFY `t_id` int NOT NULL AUTO_INCREMENT, AUTO_INCREMENT=5;

--
-- AUTO_INCREMENT for table `user_crops`
--
ALTER TABLE `user_crops`
  MODIFY `uc_id` int NOT NULL AUTO_INCREMENT, AUTO_INCREMENT=361;

--
-- AUTO_INCREMENT for table `user_mandis`
--
ALTER TABLE `user_mandis`
  MODIFY `um_id` int NOT NULL AUTO_INCREMENT, AUTO_INCREMENT=176;

--
-- AUTO_INCREMENT for table `user_type`
--
ALTER TABLE `user_type`
  MODIFY `ut_id` int NOT NULL AUTO_INCREMENT, AUTO_INCREMENT=33;
COMMIT;

/*!40101 SET CHARACTER_SET_CLIENT=@OLD_CHARACTER_SET_CLIENT */;
/*!40101 SET CHARACTER_SET_RESULTS=@OLD_CHARACTER_SET_RESULTS */;
/*!40101 SET COLLATION_CONNECTION=@OLD_COLLATION_CONNECTION */;
